USE [vms_empty]
GO
INSERT [dbo].[SalesType] ([SalesTypeId], [SalesTypeName], [Description], [CreatedBy], [CreatedTime]) VALUES (1, N'Local', N'Description', NULL, NULL)
INSERT [dbo].[SalesType] ([SalesTypeId], [SalesTypeName], [Description], [CreatedBy], [CreatedTime]) VALUES (2, N'Export', NULL, NULL, NULL)
INSERT [dbo].[SalesType] ([SalesTypeId], [SalesTypeName], [Description], [CreatedBy], [CreatedTime]) VALUES (3, N'Transfer', NULL, NULL, NULL)
INSERT [dbo].[SalesType] ([SalesTypeId], [SalesTypeName], [Description], [CreatedBy], [CreatedTime]) VALUES (4, N'Trading', NULL, NULL, NULL)
INSERT [dbo].[PurchaseTypes] ([PurchaseTypeId], [Name], [CreatedBy], [CreatedTime]) VALUES (1, N'Local', 1, NULL)
INSERT [dbo].[PurchaseTypes] ([PurchaseTypeId], [Name], [CreatedBy], [CreatedTime]) VALUES (2, N'Import', 1, NULL)
INSERT [dbo].[PurchaseTypes] ([PurchaseTypeId], [Name], [CreatedBy], [CreatedTime]) VALUES (3, N'Transfer', 1, NULL)
SET IDENTITY_INSERT [dbo].[TransectionTypes] ON 

INSERT [dbo].[TransectionTypes] ([TransectionTypeId], [Name], [CreatedBy], [CreatedTime]) VALUES (1, N'ক্রয়', NULL, NULL)
INSERT [dbo].[TransectionTypes] ([TransectionTypeId], [Name], [CreatedBy], [CreatedTime]) VALUES (2, N'সরবরাহ প্রদান', NULL, NULL)
SET IDENTITY_INSERT [dbo].[TransectionTypes] OFF
INSERT [dbo].[ProductVATTypes] ([ProductVATTypeId], [Name], [DefaultVatPercent], [SupplementaryDutyPercent], [DisplayName], [EffectiveFrom], [EffectiveTo], [TransactionTypeId], [PurchaseTypeId], [SalesTypeId], [IsActive], [CreatedBy], [CreatedTime]) VALUES (1, N'শূন্যহার বিশিষ্ট পণ্য/সেবা', CAST(0.00 AS Decimal(18, 2)), NULL, N'শূন্যহার বিশিষ্ট পণ্য/সেবা', N'2019-07-08', NULL, NULL, 3, 2, 1, 1, NULL)
INSERT [dbo].[ProductVATTypes] ([ProductVATTypeId], [Name], [DefaultVatPercent], [SupplementaryDutyPercent], [DisplayName], [EffectiveFrom], [EffectiveTo], [TransactionTypeId], [PurchaseTypeId], [SalesTypeId], [IsActive], [CreatedBy], [CreatedTime]) VALUES (2, N'অব্যাহতিপ্রাপ্ত পণ্য/সেবা', CAST(0.00 AS Decimal(18, 2)), NULL, N'অব্যাহতিপ্রাপ্ত পণ্য/সেবা', N'2019-07-08', NULL, NULL, NULL, NULL, 1, 1, NULL)
INSERT [dbo].[ProductVATTypes] ([ProductVATTypeId], [Name], [DefaultVatPercent], [SupplementaryDutyPercent], [DisplayName], [EffectiveFrom], [EffectiveTo], [TransactionTypeId], [PurchaseTypeId], [SalesTypeId], [IsActive], [CreatedBy], [CreatedTime]) VALUES (3, N'আদর্শ হারের পণ্য/সেবা', CAST(15.00 AS Decimal(18, 2)), NULL, N'আদর্শ হারের পণ্য/সেবা', N'2019-07-08', NULL, NULL, NULL, NULL, 1, 1, NULL)
INSERT [dbo].[ProductVATTypes] ([ProductVATTypeId], [Name], [DefaultVatPercent], [SupplementaryDutyPercent], [DisplayName], [EffectiveFrom], [EffectiveTo], [TransactionTypeId], [PurchaseTypeId], [SalesTypeId], [IsActive], [CreatedBy], [CreatedTime]) VALUES (4, N'সর্বোচ্চ খুচরা মূল্যভিত্তিক পণ্য', CAST(15.00 AS Decimal(18, 2)), NULL, N'সর্বোচ্চ খুচরা মূল্যভিত্তিক পণ্য', N'2019-07-08', NULL, NULL, NULL, NULL, 1, 1, NULL)
INSERT [dbo].[ProductVATTypes] ([ProductVATTypeId], [Name], [DefaultVatPercent], [SupplementaryDutyPercent], [DisplayName], [EffectiveFrom], [EffectiveTo], [TransactionTypeId], [PurchaseTypeId], [SalesTypeId], [IsActive], [CreatedBy], [CreatedTime]) VALUES (5, N'বিশেষ স্কীমভিত্তিক পণ্য/সেবা', CAST(15.00 AS Decimal(18, 2)), NULL, N'বিশেষ স্কীমভিত্তিক পণ্য/সেবা', N'2019-07-08', NULL, NULL, NULL, NULL, 1, 1, NULL)
INSERT [dbo].[ProductVATTypes] ([ProductVATTypeId], [Name], [DefaultVatPercent], [SupplementaryDutyPercent], [DisplayName], [EffectiveFrom], [EffectiveTo], [TransactionTypeId], [PurchaseTypeId], [SalesTypeId], [IsActive], [CreatedBy], [CreatedTime]) VALUES (6, N'সুনির্দিষ্ট কর', CAST(0.00 AS Decimal(18, 2)), NULL, N'সুনির্দিষ্ট কর', N'2019-09-08', NULL, NULL, NULL, NULL, 1, 1, NULL)
INSERT [dbo].[ProductVATTypes] ([ProductVATTypeId], [Name], [DefaultVatPercent], [SupplementaryDutyPercent], [DisplayName], [EffectiveFrom], [EffectiveTo], [TransactionTypeId], [PurchaseTypeId], [SalesTypeId], [IsActive], [CreatedBy], [CreatedTime]) VALUES (8, N'আদর্শ করহার ব্যতীত ভিন্ন করহার ভিত্তিক পণ্য /সেবা(1.5)', CAST(1.50 AS Decimal(18, 2)), NULL, N'আদর্শ করহার ব্যতীত ভিন্ন করহার ভিত্তিক পণ্য/সেবা', N'2019-07-08', NULL, NULL, NULL, NULL, 1, 1, NULL)
INSERT [dbo].[ProductVATTypes] ([ProductVATTypeId], [Name], [DefaultVatPercent], [SupplementaryDutyPercent], [DisplayName], [EffectiveFrom], [EffectiveTo], [TransactionTypeId], [PurchaseTypeId], [SalesTypeId], [IsActive], [CreatedBy], [CreatedTime]) VALUES (9, N'আদর্শ করহার ব্যতীত ভিন্ন করহার ভিত্তিক পণ্য/সেবা(2)', CAST(2.00 AS Decimal(18, 2)), NULL, N'আদর্শ করহার ব্যতীত ভিন্ন করহার ভিত্তিক পণ্য/সেবা', N'2019-07-08', NULL, NULL, NULL, NULL, 1, 1, NULL)
INSERT [dbo].[ProductVATTypes] ([ProductVATTypeId], [Name], [DefaultVatPercent], [SupplementaryDutyPercent], [DisplayName], [EffectiveFrom], [EffectiveTo], [TransactionTypeId], [PurchaseTypeId], [SalesTypeId], [IsActive], [CreatedBy], [CreatedTime]) VALUES (10, N'আদর্শ করহার ব্যতীত ভিন্ন করহার ভিত্তিক পণ্য/সেবা(2.5)', CAST(2.50 AS Decimal(18, 2)), NULL, N'আদর্শ করহার ব্যতীত ভিন্ন করহার ভিত্তিক পণ্য/সেবা', N'2019-07-08', NULL, NULL, NULL, NULL, 1, 1, NULL)
INSERT [dbo].[ProductVATTypes] ([ProductVATTypeId], [Name], [DefaultVatPercent], [SupplementaryDutyPercent], [DisplayName], [EffectiveFrom], [EffectiveTo], [TransactionTypeId], [PurchaseTypeId], [SalesTypeId], [IsActive], [CreatedBy], [CreatedTime]) VALUES (11, N'আদর্শ করহার ব্যতীত ভিন্ন করহার ভিত্তিক পণ্য/সেবা(4)', CAST(4.00 AS Decimal(18, 2)), NULL, N'আদর্শ করহার ব্যতীত ভিন্ন করহার ভিত্তিক পণ্য/সেবা', N'2019-07-08', NULL, NULL, NULL, NULL, 1, 1, NULL)
INSERT [dbo].[ProductVATTypes] ([ProductVATTypeId], [Name], [DefaultVatPercent], [SupplementaryDutyPercent], [DisplayName], [EffectiveFrom], [EffectiveTo], [TransactionTypeId], [PurchaseTypeId], [SalesTypeId], [IsActive], [CreatedBy], [CreatedTime]) VALUES (12, N'আদর্শ করহার ব্যতীত ভিন্ন করহার ভিত্তিক পণ্য/সেবা(5)', CAST(5.00 AS Decimal(18, 2)), NULL, N'আদর্শ করহার ব্যতীত ভিন্ন করহার ভিত্তিক পণ্য/সেবা', N'2019-07-08', NULL, NULL, NULL, NULL, 1, 1, NULL)
INSERT [dbo].[ProductVATTypes] ([ProductVATTypeId], [Name], [DefaultVatPercent], [SupplementaryDutyPercent], [DisplayName], [EffectiveFrom], [EffectiveTo], [TransactionTypeId], [PurchaseTypeId], [SalesTypeId], [IsActive], [CreatedBy], [CreatedTime]) VALUES (13, N'আদর্শ করহার ব্যতীত ভিন্ন করহার ভিত্তিক পণ্য/সেবা(5.5)', CAST(5.50 AS Decimal(18, 2)), NULL, N'আদর্শ করহার ব্যতীত ভিন্ন করহার ভিত্তিক পণ্য/সেবা', N'2019-07-08', NULL, NULL, NULL, NULL, 1, 1, NULL)
INSERT [dbo].[ProductVATTypes] ([ProductVATTypeId], [Name], [DefaultVatPercent], [SupplementaryDutyPercent], [DisplayName], [EffectiveFrom], [EffectiveTo], [TransactionTypeId], [PurchaseTypeId], [SalesTypeId], [IsActive], [CreatedBy], [CreatedTime]) VALUES (14, N'আদর্শ করহার ব্যতীত ভিন্ন করহার ভিত্তিক পণ্য/সেবা(6)', CAST(6.00 AS Decimal(18, 2)), NULL, N'আদর্শ করহার ব্যতীত ভিন্ন করহার ভিত্তিক পণ্য/সেবা', N'2019-07-08', NULL, NULL, NULL, NULL, 1, 1, NULL)
INSERT [dbo].[ProductVATTypes] ([ProductVATTypeId], [Name], [DefaultVatPercent], [SupplementaryDutyPercent], [DisplayName], [EffectiveFrom], [EffectiveTo], [TransactionTypeId], [PurchaseTypeId], [SalesTypeId], [IsActive], [CreatedBy], [CreatedTime]) VALUES (15, N'আদর্শ করহার ব্যতীত ভিন্ন করহার ভিত্তিক পণ্য/সেবা(7.5)', CAST(7.50 AS Decimal(18, 2)), NULL, N'আদর্শ করহার ব্যতীত ভিন্ন করহার ভিত্তিক পণ্য/সেবা', N'2019-07-08', NULL, NULL, NULL, NULL, 1, 1, NULL)
INSERT [dbo].[ProductVATTypes] ([ProductVATTypeId], [Name], [DefaultVatPercent], [SupplementaryDutyPercent], [DisplayName], [EffectiveFrom], [EffectiveTo], [TransactionTypeId], [PurchaseTypeId], [SalesTypeId], [IsActive], [CreatedBy], [CreatedTime]) VALUES (16, N'আদর্শ করহার ব্যতীত ভিন্ন করহার ভিত্তিক পণ্য/সেবা(9)', CAST(9.00 AS Decimal(18, 2)), NULL, N'আদর্শ করহার ব্যতীত ভিন্ন করহার ভিত্তিক পণ্য/সেবা', N'2019-07-08', N'11/5/2019 3:54:53 PM', NULL, NULL, NULL, 0, 1, NULL)
INSERT [dbo].[ProductVATTypes] ([ProductVATTypeId], [Name], [DefaultVatPercent], [SupplementaryDutyPercent], [DisplayName], [EffectiveFrom], [EffectiveTo], [TransactionTypeId], [PurchaseTypeId], [SalesTypeId], [IsActive], [CreatedBy], [CreatedTime]) VALUES (17, N'আদর্শ করহার ব্যতীত ভিন্ন করহার ভিত্তিক পণ্য/সেবা(10)', CAST(10.00 AS Decimal(18, 2)), NULL, N'আদর্শ করহার ব্যতীত ভিন্ন করহার ভিত্তিক পণ্য/সেবা', N'2019-07-08', N'11/5/2019 3:54:45 PM', NULL, NULL, NULL, 0, 1, NULL)
INSERT [dbo].[BusinessNature] ([BusinessNatureId], [Name], [NameInBangla]) VALUES (1, N'Private Limited', N'প্রাইভেট লিমিটেড')
INSERT [dbo].[BusinessNature] ([BusinessNatureId], [Name], [NameInBangla]) VALUES (2, N'Partnership', N'অংশীদারিত্ব')
INSERT [dbo].[BusinessNature] ([BusinessNatureId], [Name], [NameInBangla]) VALUES (3, N'Proprietary', N'মালিকানাধীন')
INSERT [dbo].[FinancialActivityNature] ([FinancialActivityNatureId], [Name], [NameInBangla]) VALUES (1, N'Importer', N'আমদানিকারক')
INSERT [dbo].[FinancialActivityNature] ([FinancialActivityNatureId], [Name], [NameInBangla]) VALUES (2, N'Exporter', N'রপ্তানিকারক')
INSERT [dbo].[FinancialActivityNature] ([FinancialActivityNatureId], [Name], [NameInBangla]) VALUES (3, N'Manufacturer', N'উৎপাদক')
INSERT [dbo].[FinancialActivityNature] ([FinancialActivityNatureId], [Name], [NameInBangla]) VALUES (4, N'Retailer', N'খুচরা বিক্রেতা')
INSERT [dbo].[FinancialActivityNature] ([FinancialActivityNatureId], [Name], [NameInBangla]) VALUES (5, N'Wholesaler', N'পাইকারী বিক্রেতা')
INSERT [dbo].[FinancialActivityNature] ([FinancialActivityNatureId], [Name], [NameInBangla]) VALUES (6, N'Retailer and Wholesaler', N'খুচরা এবং পাইকারী বিক্রেতা')
INSERT [dbo].[BusinessCategory] ([BusinessCategoryId], [Name], [NameInBangla]) VALUES (1, N'Commercial Importer', N'বাণিজ্যিক আমদানিকারক')
INSERT [dbo].[BusinessCategory] ([BusinessCategoryId], [Name], [NameInBangla]) VALUES (2, N'Petroleum', N'পেট্রোলিয়াম জাতীয় পণ্য')
INSERT [dbo].[BusinessCategory] ([BusinessCategoryId], [Name], [NameInBangla]) VALUES (3, N'Super Shop', N'সুপার শপ')
INSERT [dbo].[BusinessCategory] ([BusinessCategoryId], [Name], [NameInBangla]) VALUES (4, N'Drugs', N'ঔষধ জাতীয় পণ্য')
INSERT [dbo].[BusinessCategory] ([BusinessCategoryId], [Name], [NameInBangla]) VALUES (5, N'Other Business', N'অন্যান্য ব্যবসায়ী')
SET IDENTITY_INSERT [dbo].[Organizations] ON 

INSERT [dbo].[Organizations] ([OrganizationId], [Name], [ParentOrganizationId], [Code], [VATRegNo], [BIN], [FinancialActivityNatureId], [BusinessNatureId], [BusinessCategoryId], [BusinessCategoryDescription], [IsDeductVatInSource], [IsSellStandardVatProduct], [CertificateNo], [Address], [CountryId], [CityId], [VatResponsiblePersonName], [VatResponsiblePersonDesignation], [VatResponsiblePersonMobileNo], [VatResponsiblePersonEmailAddress], [IsActive], [EnlistedNo], [PostalCode], [CreatedBy], [CreatedTime]) VALUES (-1, N'biTS', NULL, N'1234', N'12345', N'123455', 3, 1, 5, NULL, 0, 1, N'abcd1234', N'Niketon,Gulsan-1,Dhaka,Bangladesh', 1, 1, N'Md. Aktarujjaman	', N'Director', N'01711876534', N'abc@abc.com', 1, 1234, 1234, NULL, NULL)
INSERT [dbo].[Organizations] ([OrganizationId], [Name], [ParentOrganizationId], [Code], [VATRegNo], [BIN], [FinancialActivityNatureId], [BusinessNatureId], [BusinessCategoryId], [BusinessCategoryDescription], [IsDeductVatInSource], [IsSellStandardVatProduct], [CertificateNo], [Address], [CountryId], [CityId], [VatResponsiblePersonName], [VatResponsiblePersonDesignation], [VatResponsiblePersonMobileNo], [VatResponsiblePersonEmailAddress], [IsActive], [EnlistedNo], [PostalCode], [CreatedBy], [CreatedTime]) VALUES (0, N'National Board of Revenue (NBR)', NULL, N'007', N'123123', N'213123', 3, 1, 5, NULL, 0, 1, N'kdkdskk2312', N'Bangladesh', 1, 1, N'Samnoon Mohebbo	', N'Assistant Director', N'01711876534', N'abc@abc.com', 1, 123, 12321, NULL, NULL)
INSERT [dbo].[Organizations] ([OrganizationId], [Name], [ParentOrganizationId], [Code], [VATRegNo], [BIN], [FinancialActivityNatureId], [BusinessNatureId], [BusinessCategoryId], [BusinessCategoryDescription], [IsDeductVatInSource], [IsSellStandardVatProduct], [CertificateNo], [Address], [CountryId], [CityId], [VatResponsiblePersonName], [VatResponsiblePersonDesignation], [VatResponsiblePersonMobileNo], [VatResponsiblePersonEmailAddress], [IsActive], [EnlistedNo], [PostalCode], [CreatedBy], [CreatedTime]) VALUES (4, N'BRAC', NULL, N'123496', N'654321', N'123455', 3, 1, 5, NULL, 0, 1, N'123456', N'Mohakhali,Dhaka,Bangladesh', 0, 0, N'Md. Mustafizur Rahman	', N'Senior Director
', N'01711876534', N'abc@abc.com', 1, NULL, 1234, NULL, NULL)
INSERT [dbo].[Organizations] ([OrganizationId], [Name], [ParentOrganizationId], [Code], [VATRegNo], [BIN], [FinancialActivityNatureId], [BusinessNatureId], [BusinessCategoryId], [BusinessCategoryDescription], [IsDeductVatInSource], [IsSellStandardVatProduct], [CertificateNo], [Address], [CountryId], [CityId], [VatResponsiblePersonName], [VatResponsiblePersonDesignation], [VatResponsiblePersonMobileNo], [VatResponsiblePersonEmailAddress], [IsActive], [EnlistedNo], [PostalCode], [CreatedBy], [CreatedTime]) VALUES (5, N'Ayesha Abed Foundation', 4, N'223654', N'332244', N'422789', 3, 1, 5, NULL, 0, 1, N'233324', N'Gulsan-1,Dhaka,Bangladesh', 1, 1, N'Fatema Tuj Jahra	', N'Vice President
', N'01711876534', N'abc@abc.com', 1, 41, 1234, NULL, CAST(N'2019-09-16T18:36:06.113' AS DateTime))
INSERT [dbo].[Organizations] ([OrganizationId], [Name], [ParentOrganizationId], [Code], [VATRegNo], [BIN], [FinancialActivityNatureId], [BusinessNatureId], [BusinessCategoryId], [BusinessCategoryDescription], [IsDeductVatInSource], [IsSellStandardVatProduct], [CertificateNo], [Address], [CountryId], [CityId], [VatResponsiblePersonName], [VatResponsiblePersonDesignation], [VatResponsiblePersonMobileNo], [VatResponsiblePersonEmailAddress], [IsActive], [EnlistedNo], [PostalCode], [CreatedBy], [CreatedTime]) VALUES (6, N'Arong', 4, N'456789', N'789456', N'456321', 3, 1, 5, NULL, 0, 1, N'456984', N'Gulsan-1,Dhaka,Bangladesh', 1, 1, N'Sudipta Saha	', N'Senior Vice President
', N'01711876534', N'abc@abc.com', 1, 8, 1219, NULL, CAST(N'2019-09-16T18:34:27.223' AS DateTime))
INSERT [dbo].[Organizations] ([OrganizationId], [Name], [ParentOrganizationId], [Code], [VATRegNo], [BIN], [FinancialActivityNatureId], [BusinessNatureId], [BusinessCategoryId], [BusinessCategoryDescription], [IsDeductVatInSource], [IsSellStandardVatProduct], [CertificateNo], [Address], [CountryId], [CityId], [VatResponsiblePersonName], [VatResponsiblePersonDesignation], [VatResponsiblePersonMobileNo], [VatResponsiblePersonEmailAddress], [IsActive], [EnlistedNo], [PostalCode], [CreatedBy], [CreatedTime]) VALUES (7, N'Arong Dairy', 4, N'345654', N'582364', N'223789', 3, 1, 5, NULL, 0, 1, N'232344', N'Gulsan-1,Dhaka,Bangladesh', 1, 1, N'Md. Sabbir reza	', N'Associate Vice President
', N'01711876534', N'abc@abc.com', 1, 41, 1234, NULL, CAST(N'2019-09-16T18:36:06.113' AS DateTime))
INSERT [dbo].[Organizations] ([OrganizationId], [Name], [ParentOrganizationId], [Code], [VATRegNo], [BIN], [FinancialActivityNatureId], [BusinessNatureId], [BusinessCategoryId], [BusinessCategoryDescription], [IsDeductVatInSource], [IsSellStandardVatProduct], [CertificateNo], [Address], [CountryId], [CityId], [VatResponsiblePersonName], [VatResponsiblePersonDesignation], [VatResponsiblePersonMobileNo], [VatResponsiblePersonEmailAddress], [IsActive], [EnlistedNo], [PostalCode], [CreatedBy], [CreatedTime]) VALUES (8, N'BRAC BANK', 4, N'344654', N'232233', N'336789', 3, 1, 5, NULL, 0, 1, N'586234', N'Gulsan-1,Dhaka,Bangladesh', 1, 1, N'Sabbir Ahmed Osmani	', N'Chief Executive Officer', N'01711876534', N'abc@abc.com', 1, 41, 1234, NULL, CAST(N'2019-09-16T18:36:06.113' AS DateTime))
INSERT [dbo].[Organizations] ([OrganizationId], [Name], [ParentOrganizationId], [Code], [VATRegNo], [BIN], [FinancialActivityNatureId], [BusinessNatureId], [BusinessCategoryId], [BusinessCategoryDescription], [IsDeductVatInSource], [IsSellStandardVatProduct], [CertificateNo], [Address], [CountryId], [CityId], [VatResponsiblePersonName], [VatResponsiblePersonDesignation], [VatResponsiblePersonMobileNo], [VatResponsiblePersonEmailAddress], [IsActive], [EnlistedNo], [PostalCode], [CreatedBy], [CreatedTime]) VALUES (10, N'Apex', NULL, N'233222', N'233455', N'322789', 3, 1, 5, NULL, 0, 1, N'586343', N'Gulsan-1,Dhaka,Bangladesh', 1, 1, N'Nur-A Nusrat	', N'Chief Financial Officer
', N'01711876534', N'abc@abc.com', 1, 41, 1234, NULL, CAST(N'2019-09-16T18:36:06.113' AS DateTime))
INSERT [dbo].[Organizations] ([OrganizationId], [Name], [ParentOrganizationId], [Code], [VATRegNo], [BIN], [FinancialActivityNatureId], [BusinessNatureId], [BusinessCategoryId], [BusinessCategoryDescription], [IsDeductVatInSource], [IsSellStandardVatProduct], [CertificateNo], [Address], [CountryId], [CityId], [VatResponsiblePersonName], [VatResponsiblePersonDesignation], [VatResponsiblePersonMobileNo], [VatResponsiblePersonEmailAddress], [IsActive], [EnlistedNo], [PostalCode], [CreatedBy], [CreatedTime]) VALUES (11, N'Arong Gulshan', 6, N'1234', N'123', N'456321', 3, 1, 5, NULL, 1, 1, N'123', N'Gulshan , Dhaka, Bangladesh', 1, 1, N'Shahriar Mullick	', N'Chief Technology Officer
', N'01711876534', N'abc@abc.com', 1, 123, 1214, 8, CAST(N'2019-11-05T15:19:44.990' AS DateTime))
INSERT [dbo].[Organizations] ([OrganizationId], [Name], [ParentOrganizationId], [Code], [VATRegNo], [BIN], [FinancialActivityNatureId], [BusinessNatureId], [BusinessCategoryId], [BusinessCategoryDescription], [IsDeductVatInSource], [IsSellStandardVatProduct], [CertificateNo], [Address], [CountryId], [CityId], [VatResponsiblePersonName], [VatResponsiblePersonDesignation], [VatResponsiblePersonMobileNo], [VatResponsiblePersonEmailAddress], [IsActive], [EnlistedNo], [PostalCode], [CreatedBy], [CreatedTime]) VALUES (12, N'Arong Dhanmondhi', 6, N'1234', N'124', N'456321', 3, 1, 5, NULL, 0, 1, N'1', N'Dhanmondhi,Dhaka', 1, 1, N'Monir Hossain Bhuiyan	', N'Chief Marketing Officer
', N'01711876534', N'abc@abc.com', 1, 122, 12, 8, CAST(N'2019-11-05T15:42:51.667' AS DateTime))
INSERT [dbo].[Organizations] ([OrganizationId], [Name], [ParentOrganizationId], [Code], [VATRegNo], [BIN], [FinancialActivityNatureId], [BusinessNatureId], [BusinessCategoryId], [BusinessCategoryDescription], [IsDeductVatInSource], [IsSellStandardVatProduct], [CertificateNo], [Address], [CountryId], [CityId], [VatResponsiblePersonName], [VatResponsiblePersonDesignation], [VatResponsiblePersonMobileNo], [VatResponsiblePersonEmailAddress], [IsActive], [EnlistedNo], [PostalCode], [CreatedBy], [CreatedTime]) VALUES (17, N'Yellow', NULL, N'5663', N'456852159', N'1232311', 3, 3, 4, NULL, 0, 0, N'1232311', N'Chittagong,Bangladesh', 1, 1, N'Reza Khan', N'Admin', N'016598598562+62+5985', N'rgerutyokyu', 1, 2, 1217, 7, CAST(N'2019-11-30T12:15:08.840' AS DateTime))
INSERT [dbo].[Organizations] ([OrganizationId], [Name], [ParentOrganizationId], [Code], [VATRegNo], [BIN], [FinancialActivityNatureId], [BusinessNatureId], [BusinessCategoryId], [BusinessCategoryDescription], [IsDeductVatInSource], [IsSellStandardVatProduct], [CertificateNo], [Address], [CountryId], [CityId], [VatResponsiblePersonName], [VatResponsiblePersonDesignation], [VatResponsiblePersonMobileNo], [VatResponsiblePersonEmailAddress], [IsActive], [EnlistedNo], [PostalCode], [CreatedBy], [CreatedTime]) VALUES (18, N'REza', NULL, N'5346', N'52346', N'54655235', 3, 3, 5, NULL, 0, 0, N'352345', N'Chittagong,Bangladesh', 1, 1, N'Reza Khan', N'Admin', N'w342534745', N'rgerutyokyu', 1, 6346, 5642364, 7, CAST(N'2019-11-30T12:17:47.823' AS DateTime))
INSERT [dbo].[Organizations] ([OrganizationId], [Name], [ParentOrganizationId], [Code], [VATRegNo], [BIN], [FinancialActivityNatureId], [BusinessNatureId], [BusinessCategoryId], [BusinessCategoryDescription], [IsDeductVatInSource], [IsSellStandardVatProduct], [CertificateNo], [Address], [CountryId], [CityId], [VatResponsiblePersonName], [VatResponsiblePersonDesignation], [VatResponsiblePersonMobileNo], [VatResponsiblePersonEmailAddress], [IsActive], [EnlistedNo], [PostalCode], [CreatedBy], [CreatedTime]) VALUES (19, N'yellow', NULL, N'23423', N'1232311', N'234235', 3, 3, 4, NULL, 0, 0, N'1232311', N'Chittagong,Bangladesh', 1, 1, N'AminKhan', N'Admin', N'01684566321', N'amin@gmail.com', 1, 2, 1217, 7, CAST(N'2019-11-30T12:24:16.750' AS DateTime))
INSERT [dbo].[Organizations] ([OrganizationId], [Name], [ParentOrganizationId], [Code], [VATRegNo], [BIN], [FinancialActivityNatureId], [BusinessNatureId], [BusinessCategoryId], [BusinessCategoryDescription], [IsDeductVatInSource], [IsSellStandardVatProduct], [CertificateNo], [Address], [CountryId], [CityId], [VatResponsiblePersonName], [VatResponsiblePersonDesignation], [VatResponsiblePersonMobileNo], [VatResponsiblePersonEmailAddress], [IsActive], [EnlistedNo], [PostalCode], [CreatedBy], [CreatedTime]) VALUES (20, N'Adidas', NULL, N'456', N'1232311', N'1232311', 5, 2, 1, NULL, 0, 0, N'123456', N'Chittagong,Bangladesh', 1, 3, N'Reza Khan', N'Admin', N'0175684566321', N'rgerutyokyu', 1, 3, 5687, 7, CAST(N'2019-11-30T12:30:59.890' AS DateTime))
SET IDENTITY_INSERT [dbo].[Organizations] OFF
SET IDENTITY_INSERT [dbo].[ProductCategory] ON 

INSERT [dbo].[ProductCategory] ([ProductCategoryId], [OrganizationId], [Name], [IsActive], [CreatedBy], [CreatedTime]) VALUES (1, 5, N'Garments', 1, 7, CAST(N'2019-09-17T11:27:04.633' AS DateTime))
INSERT [dbo].[ProductCategory] ([ProductCategoryId], [OrganizationId], [Name], [IsActive], [CreatedBy], [CreatedTime]) VALUES (2, 5, N'Sharee', 0, 7, CAST(N'2019-09-17T11:27:20.227' AS DateTime))
INSERT [dbo].[ProductCategory] ([ProductCategoryId], [OrganizationId], [Name], [IsActive], [CreatedBy], [CreatedTime]) VALUES (3, 5, N'Food', 1, 7, CAST(N'2019-09-17T11:27:27.520' AS DateTime))
INSERT [dbo].[ProductCategory] ([ProductCategoryId], [OrganizationId], [Name], [IsActive], [CreatedBy], [CreatedTime]) VALUES (4, 5, N'Beverage', 1, 7, CAST(N'2019-09-17T11:27:38.203' AS DateTime))
INSERT [dbo].[ProductCategory] ([ProductCategoryId], [OrganizationId], [Name], [IsActive], [CreatedBy], [CreatedTime]) VALUES (5, 5, N'Electronics', 1, 7, CAST(N'2019-09-17T11:28:08.633' AS DateTime))
INSERT [dbo].[ProductCategory] ([ProductCategoryId], [OrganizationId], [Name], [IsActive], [CreatedBy], [CreatedTime]) VALUES (6, 6, N'Garments', 1, 8, CAST(N'2019-09-17T12:04:46.047' AS DateTime))
INSERT [dbo].[ProductCategory] ([ProductCategoryId], [OrganizationId], [Name], [IsActive], [CreatedBy], [CreatedTime]) VALUES (7, 6, N'Food', 1, 8, CAST(N'2019-09-17T12:04:54.937' AS DateTime))
INSERT [dbo].[ProductCategory] ([ProductCategoryId], [OrganizationId], [Name], [IsActive], [CreatedBy], [CreatedTime]) VALUES (8, 6, N'Beverage', 1, 8, CAST(N'2019-09-17T12:05:04.257' AS DateTime))
INSERT [dbo].[ProductCategory] ([ProductCategoryId], [OrganizationId], [Name], [IsActive], [CreatedBy], [CreatedTime]) VALUES (9, 6, N'Electronics', 1, 8, CAST(N'2019-09-17T12:05:19.180' AS DateTime))
INSERT [dbo].[ProductCategory] ([ProductCategoryId], [OrganizationId], [Name], [IsActive], [CreatedBy], [CreatedTime]) VALUES (10, 5, N'Furniture', 1, 7, CAST(N'2019-09-18T12:14:11.107' AS DateTime))
INSERT [dbo].[ProductCategory] ([ProductCategoryId], [OrganizationId], [Name], [IsActive], [CreatedBy], [CreatedTime]) VALUES (11, 5, N'Wood', 0, 7, CAST(N'2019-09-18T12:30:06.420' AS DateTime))
INSERT [dbo].[ProductCategory] ([ProductCategoryId], [OrganizationId], [Name], [IsActive], [CreatedBy], [CreatedTime]) VALUES (12, 5, N'Bag', 0, 7, CAST(N'2019-09-18T15:21:43.727' AS DateTime))
SET IDENTITY_INSERT [dbo].[ProductCategory] OFF
SET IDENTITY_INSERT [dbo].[ProductGroups] ON 

INSERT [dbo].[ProductGroups] ([ProductGroupId], [Name], [ParentGroupId], [Node], [IsActive], [CreatedBy], [CreatedTime]) VALUES (1, N'Sharee', NULL, NULL, 1, 7, CAST(N'2019-09-17T11:35:40.107' AS DateTime))
INSERT [dbo].[ProductGroups] ([ProductGroupId], [Name], [ParentGroupId], [Node], [IsActive], [CreatedBy], [CreatedTime]) VALUES (2, N' Juice ', NULL, NULL, 1, 7, CAST(N'2019-09-17T11:43:20.350' AS DateTime))
INSERT [dbo].[ProductGroups] ([ProductGroupId], [Name], [ParentGroupId], [Node], [IsActive], [CreatedBy], [CreatedTime]) VALUES (3, N'Adult Food', NULL, NULL, 1, 7, CAST(N'2019-09-17T11:43:52.313' AS DateTime))
INSERT [dbo].[ProductGroups] ([ProductGroupId], [Name], [ParentGroupId], [Node], [IsActive], [CreatedBy], [CreatedTime]) VALUES (4, N'Child Food', NULL, NULL, 1, 7, CAST(N'2019-09-17T11:44:14.103' AS DateTime))
INSERT [dbo].[ProductGroups] ([ProductGroupId], [Name], [ParentGroupId], [Node], [IsActive], [CreatedBy], [CreatedTime]) VALUES (5, N'Mobile', NULL, NULL, 1, 7, CAST(N'2019-09-17T11:44:29.763' AS DateTime))
INSERT [dbo].[ProductGroups] ([ProductGroupId], [Name], [ParentGroupId], [Node], [IsActive], [CreatedBy], [CreatedTime]) VALUES (6, N'Speaker', NULL, NULL, 1, 7, CAST(N'2019-09-17T11:44:46.433' AS DateTime))
INSERT [dbo].[ProductGroups] ([ProductGroupId], [Name], [ParentGroupId], [Node], [IsActive], [CreatedBy], [CreatedTime]) VALUES (7, N'Fast food', NULL, NULL, 1, 7, CAST(N'2019-09-17T11:45:28.120' AS DateTime))
INSERT [dbo].[ProductGroups] ([ProductGroupId], [Name], [ParentGroupId], [Node], [IsActive], [CreatedBy], [CreatedTime]) VALUES (8, N'Tshirt', NULL, NULL, 1, 7, CAST(N'2019-09-17T11:45:56.673' AS DateTime))
INSERT [dbo].[ProductGroups] ([ProductGroupId], [Name], [ParentGroupId], [Node], [IsActive], [CreatedBy], [CreatedTime]) VALUES (9, N'Fruit', NULL, NULL, 1, 7, CAST(N'2019-09-18T12:09:09.113' AS DateTime))
INSERT [dbo].[ProductGroups] ([ProductGroupId], [Name], [ParentGroupId], [Node], [IsActive], [CreatedBy], [CreatedTime]) VALUES (10, N'Meat', NULL, NULL, 1, 7, CAST(N'2019-09-18T12:12:12.307' AS DateTime))
INSERT [dbo].[ProductGroups] ([ProductGroupId], [Name], [ParentGroupId], [Node], [IsActive], [CreatedBy], [CreatedTime]) VALUES (11, N'Home', NULL, NULL, 1, 7, CAST(N'2019-09-18T12:15:50.150' AS DateTime))
INSERT [dbo].[ProductGroups] ([ProductGroupId], [Name], [ParentGroupId], [Node], [IsActive], [CreatedBy], [CreatedTime]) VALUES (12, N'Official', NULL, NULL, 0, 7, CAST(N'2019-09-18T12:23:50.187' AS DateTime))
INSERT [dbo].[ProductGroups] ([ProductGroupId], [Name], [ParentGroupId], [Node], [IsActive], [CreatedBy], [CreatedTime]) VALUES (13, N'Bed', NULL, NULL, 0, 7, CAST(N'2019-09-18T12:23:56.817' AS DateTime))
INSERT [dbo].[ProductGroups] ([ProductGroupId], [Name], [ParentGroupId], [Node], [IsActive], [CreatedBy], [CreatedTime]) VALUES (14, N'Official', NULL, NULL, 1, 7, CAST(N'2019-09-18T12:26:14.397' AS DateTime))
INSERT [dbo].[ProductGroups] ([ProductGroupId], [Name], [ParentGroupId], [Node], [IsActive], [CreatedBy], [CreatedTime]) VALUES (15, N'Shegun', NULL, NULL, 1, 7, CAST(N'2019-09-18T12:30:46.180' AS DateTime))
INSERT [dbo].[ProductGroups] ([ProductGroupId], [Name], [ParentGroupId], [Node], [IsActive], [CreatedBy], [CreatedTime]) VALUES (16, N'Akashmoni', NULL, NULL, 1, 7, CAST(N'2019-09-18T12:30:55.020' AS DateTime))
INSERT [dbo].[ProductGroups] ([ProductGroupId], [Name], [ParentGroupId], [Node], [IsActive], [CreatedBy], [CreatedTime]) VALUES (17, N'Bag', NULL, NULL, 1, 7, CAST(N'2019-09-18T15:22:57.243' AS DateTime))
INSERT [dbo].[ProductGroups] ([ProductGroupId], [Name], [ParentGroupId], [Node], [IsActive], [CreatedBy], [CreatedTime]) VALUES (18, N'Male Garments', NULL, NULL, 1, 7, CAST(N'2019-10-27T18:12:59.027' AS DateTime))
INSERT [dbo].[ProductGroups] ([ProductGroupId], [Name], [ParentGroupId], [Node], [IsActive], [CreatedBy], [CreatedTime]) VALUES (19, N'Female Garments', NULL, NULL, 1, 7, CAST(N'2019-10-27T18:13:14.573' AS DateTime))
INSERT [dbo].[ProductGroups] ([ProductGroupId], [Name], [ParentGroupId], [Node], [IsActive], [CreatedBy], [CreatedTime]) VALUES (20, N'Raw Material', NULL, NULL, 0, 7, CAST(N'2019-10-27T18:17:51.807' AS DateTime))
INSERT [dbo].[ProductGroups] ([ProductGroupId], [Name], [ParentGroupId], [Node], [IsActive], [CreatedBy], [CreatedTime]) VALUES (21, N'Formal Pants', NULL, NULL, 0, 7, CAST(N'2019-11-05T15:52:42.127' AS DateTime))
INSERT [dbo].[ProductGroups] ([ProductGroupId], [Name], [ParentGroupId], [Node], [IsActive], [CreatedBy], [CreatedTime]) VALUES (22, N'Raw  materials', NULL, NULL, 1, 7, CAST(N'2019-11-28T17:08:02.627' AS DateTime))
SET IDENTITY_INSERT [dbo].[ProductGroups] OFF
SET IDENTITY_INSERT [dbo].[MeasurementUnits] ON 

INSERT [dbo].[MeasurementUnits] ([MeasurementUnitId], [Name], [OrganizationId], [IsActive], [CreatedBy], [CreatedTime]) VALUES (1023, N'Kg', 5, 1, 7, CAST(N'2019-09-17T11:50:03.440' AS DateTime))
INSERT [dbo].[MeasurementUnits] ([MeasurementUnitId], [Name], [OrganizationId], [IsActive], [CreatedBy], [CreatedTime]) VALUES (1024, N'Litter', 5, 1, 7, CAST(N'2019-09-17T11:50:10.893' AS DateTime))
INSERT [dbo].[MeasurementUnits] ([MeasurementUnitId], [Name], [OrganizationId], [IsActive], [CreatedBy], [CreatedTime]) VALUES (1025, N'Gram', 5, 1, 7, CAST(N'2019-09-17T11:50:16.990' AS DateTime))
INSERT [dbo].[MeasurementUnits] ([MeasurementUnitId], [Name], [OrganizationId], [IsActive], [CreatedBy], [CreatedTime]) VALUES (1026, N'Piece', 5, 1, 7, CAST(N'2019-09-17T11:51:07.013' AS DateTime))
INSERT [dbo].[MeasurementUnits] ([MeasurementUnitId], [Name], [OrganizationId], [IsActive], [CreatedBy], [CreatedTime]) VALUES (1027, N'Meter', 5, 1, 7, CAST(N'2019-09-17T11:51:37.733' AS DateTime))
INSERT [dbo].[MeasurementUnits] ([MeasurementUnitId], [Name], [OrganizationId], [IsActive], [CreatedBy], [CreatedTime]) VALUES (1028, N'Pair', 5, 1, 7, CAST(N'2019-09-17T11:51:47.123' AS DateTime))
INSERT [dbo].[MeasurementUnits] ([MeasurementUnitId], [Name], [OrganizationId], [IsActive], [CreatedBy], [CreatedTime]) VALUES (1029, N'Gram', 6, 1, 8, CAST(N'2019-09-17T12:06:10.967' AS DateTime))
INSERT [dbo].[MeasurementUnits] ([MeasurementUnitId], [Name], [OrganizationId], [IsActive], [CreatedBy], [CreatedTime]) VALUES (1030, N'Kg', 6, 1, 8, CAST(N'2019-09-17T12:06:18.823' AS DateTime))
INSERT [dbo].[MeasurementUnits] ([MeasurementUnitId], [Name], [OrganizationId], [IsActive], [CreatedBy], [CreatedTime]) VALUES (1031, N'Litter', 6, 1, 8, CAST(N'2019-09-17T12:06:25.553' AS DateTime))
INSERT [dbo].[MeasurementUnits] ([MeasurementUnitId], [Name], [OrganizationId], [IsActive], [CreatedBy], [CreatedTime]) VALUES (1032, N'Meter', 6, 1, 8, CAST(N'2019-09-17T12:06:33.613' AS DateTime))
INSERT [dbo].[MeasurementUnits] ([MeasurementUnitId], [Name], [OrganizationId], [IsActive], [CreatedBy], [CreatedTime]) VALUES (1033, N'Piece', 6, 1, 8, CAST(N'2019-09-17T12:06:42.643' AS DateTime))
INSERT [dbo].[MeasurementUnits] ([MeasurementUnitId], [Name], [OrganizationId], [IsActive], [CreatedBy], [CreatedTime]) VALUES (1034, N'Kg', 7, 1, 9, CAST(N'2019-09-17T12:33:07.637' AS DateTime))
INSERT [dbo].[MeasurementUnits] ([MeasurementUnitId], [Name], [OrganizationId], [IsActive], [CreatedBy], [CreatedTime]) VALUES (1035, N'Litter', 7, 1, 9, CAST(N'2019-09-17T12:33:21.410' AS DateTime))
INSERT [dbo].[MeasurementUnits] ([MeasurementUnitId], [Name], [OrganizationId], [IsActive], [CreatedBy], [CreatedTime]) VALUES (1036, N'Piece', 7, 1, 9, CAST(N'2019-09-17T12:33:31.987' AS DateTime))
INSERT [dbo].[MeasurementUnits] ([MeasurementUnitId], [Name], [OrganizationId], [IsActive], [CreatedBy], [CreatedTime]) VALUES (1037, N'Gram', 7, 1, 9, CAST(N'2019-09-17T12:33:41.347' AS DateTime))
INSERT [dbo].[MeasurementUnits] ([MeasurementUnitId], [Name], [OrganizationId], [IsActive], [CreatedBy], [CreatedTime]) VALUES (1038, N'Metric ton', 5, 1, 7, CAST(N'2019-09-18T12:32:35.027' AS DateTime))
INSERT [dbo].[MeasurementUnits] ([MeasurementUnitId], [Name], [OrganizationId], [IsActive], [CreatedBy], [CreatedTime]) VALUES (1040, N'testt', 5, 0, 7, CAST(N'2019-11-05T12:02:05.497' AS DateTime))
SET IDENTITY_INSERT [dbo].[MeasurementUnits] OFF
SET IDENTITY_INSERT [dbo].[Products] ON 

INSERT [dbo].[Products] ([ProductId], [Name], [ModelNo], [Code], [HSCode], [ProductCategoryId], [ProductGroupId], [OrganizationId], [TotalQuantity], [MeasurementUnitId], [EffectiveFrom], [EffectiveTo], [IsActive], [CreatedBy], [CreatedTime], [IsSellable], [IsRawMaterial], [IsNonRebateable]) VALUES (0, N'Panjabi', NULL, N'12345', N'1235', 6, 18, 6, CAST(20.00 AS Decimal(18, 2)), 1033, CAST(N'2019-10-29T17:27:46.697' AS DateTime), NULL, 1, 8, CAST(N'2019-10-29T17:27:46.697' AS DateTime), 1, 0, NULL)
INSERT [dbo].[Products] ([ProductId], [Name], [ModelNo], [Code], [HSCode], [ProductCategoryId], [ProductGroupId], [OrganizationId], [TotalQuantity], [MeasurementUnitId], [EffectiveFrom], [EffectiveTo], [IsActive], [CreatedBy], [CreatedTime], [IsSellable], [IsRawMaterial], [IsNonRebateable]) VALUES (1, N'Dupatta', NULL, N'1234566', N'0000', 1, 19, 5, CAST(20.00 AS Decimal(18, 2)), 1026, CAST(N'2019-09-17T11:52:58.700' AS DateTime), NULL, 1, 7, CAST(N'2019-09-17T11:52:58.700' AS DateTime), 1, 1, NULL)
INSERT [dbo].[Products] ([ProductId], [Name], [ModelNo], [Code], [HSCode], [ProductCategoryId], [ProductGroupId], [OrganizationId], [TotalQuantity], [MeasurementUnitId], [EffectiveFrom], [EffectiveTo], [IsActive], [CreatedBy], [CreatedTime], [IsSellable], [IsRawMaterial], [IsNonRebateable]) VALUES (2, N'Shalwar Kameez', NULL, N'753159', N'456123', 1, 19, 5, CAST(20.00 AS Decimal(18, 2)), 1026, CAST(N'2019-09-17T11:55:01.850' AS DateTime), NULL, 1, 7, CAST(N'2019-09-17T11:55:01.850' AS DateTime), 1, 1, NULL)
INSERT [dbo].[Products] ([ProductId], [Name], [ModelNo], [Code], [HSCode], [ProductCategoryId], [ProductGroupId], [OrganizationId], [TotalQuantity], [MeasurementUnitId], [EffectiveFrom], [EffectiveTo], [IsActive], [CreatedBy], [CreatedTime], [IsSellable], [IsRawMaterial], [IsNonRebateable]) VALUES (3, N'Silk Saree', NULL, N'4567891', N'6845923', 1, 19, 5, CAST(20.00 AS Decimal(18, 2)), 1026, CAST(N'2019-09-17T11:56:05.273' AS DateTime), NULL, 1, 7, CAST(N'2019-09-17T11:56:05.273' AS DateTime), 1, 1, NULL)
INSERT [dbo].[Products] ([ProductId], [Name], [ModelNo], [Code], [HSCode], [ProductCategoryId], [ProductGroupId], [OrganizationId], [TotalQuantity], [MeasurementUnitId], [EffectiveFrom], [EffectiveTo], [IsActive], [CreatedBy], [CreatedTime], [IsSellable], [IsRawMaterial], [IsNonRebateable]) VALUES (4, N'Kurta', NULL, N'6476841', N'6341651', 1, 19, 5, CAST(20.00 AS Decimal(18, 2)), 1023, CAST(N'2019-09-17T11:57:13.597' AS DateTime), NULL, 1, 7, CAST(N'2019-09-17T11:57:13.597' AS DateTime), 1, 1, NULL)
INSERT [dbo].[Products] ([ProductId], [Name], [ModelNo], [Code], [HSCode], [ProductCategoryId], [ProductGroupId], [OrganizationId], [TotalQuantity], [MeasurementUnitId], [EffectiveFrom], [EffectiveTo], [IsActive], [CreatedBy], [CreatedTime], [IsSellable], [IsRawMaterial], [IsNonRebateable]) VALUES (5, N'Fabric (Metres)', NULL, N'254135', N'54153', 1, 20, 5, CAST(20.00 AS Decimal(18, 2)), 1027, CAST(N'2019-09-17T11:58:29.810' AS DateTime), NULL, 1, 7, CAST(N'2019-09-17T11:58:29.810' AS DateTime), 1, 1, NULL)
INSERT [dbo].[Products] ([ProductId], [Name], [ModelNo], [Code], [HSCode], [ProductCategoryId], [ProductGroupId], [OrganizationId], [TotalQuantity], [MeasurementUnitId], [EffectiveFrom], [EffectiveTo], [IsActive], [CreatedBy], [CreatedTime], [IsSellable], [IsRawMaterial], [IsNonRebateable]) VALUES (6, N'Jamdani Sharee', NULL, N'6465', N'65464', 1, 1, 5, CAST(20.00 AS Decimal(18, 2)), 1026, CAST(N'2019-09-17T12:00:17.493' AS DateTime), NULL, 1, 7, CAST(N'2019-09-17T12:00:17.493' AS DateTime), 1, 1, NULL)
INSERT [dbo].[Products] ([ProductId], [Name], [ModelNo], [Code], [HSCode], [ProductCategoryId], [ProductGroupId], [OrganizationId], [TotalQuantity], [MeasurementUnitId], [EffectiveFrom], [EffectiveTo], [IsActive], [CreatedBy], [CreatedTime], [IsSellable], [IsRawMaterial], [IsNonRebateable]) VALUES (8, N'Dupatta', NULL, N'4654', N'57654', 1, 19, 6, CAST(20.00 AS Decimal(18, 2)), 1033, CAST(N'2019-09-17T12:20:15.953' AS DateTime), NULL, 1, 8, CAST(N'2019-09-17T12:20:15.953' AS DateTime), 1, 1, NULL)
INSERT [dbo].[Products] ([ProductId], [Name], [ModelNo], [Code], [HSCode], [ProductCategoryId], [ProductGroupId], [OrganizationId], [TotalQuantity], [MeasurementUnitId], [EffectiveFrom], [EffectiveTo], [IsActive], [CreatedBy], [CreatedTime], [IsSellable], [IsRawMaterial], [IsNonRebateable]) VALUES (9, N'Shalwar Kameez', NULL, N'75886', N'7875', 1, 19, 6, CAST(20.00 AS Decimal(18, 2)), 1033, CAST(N'2019-09-17T12:23:06.113' AS DateTime), NULL, 1, 8, CAST(N'2019-09-17T12:23:06.113' AS DateTime), 1, 1, NULL)
INSERT [dbo].[Products] ([ProductId], [Name], [ModelNo], [Code], [HSCode], [ProductCategoryId], [ProductGroupId], [OrganizationId], [TotalQuantity], [MeasurementUnitId], [EffectiveFrom], [EffectiveTo], [IsActive], [CreatedBy], [CreatedTime], [IsSellable], [IsRawMaterial], [IsNonRebateable]) VALUES (10, N'Silk Saree', NULL, N'4646', N'4768', 1, 1, 6, CAST(20.00 AS Decimal(18, 2)), 1033, CAST(N'2019-09-17T12:24:22.553' AS DateTime), NULL, 1, 8, CAST(N'2019-09-17T12:24:22.553' AS DateTime), 1, 1, NULL)
INSERT [dbo].[Products] ([ProductId], [Name], [ModelNo], [Code], [HSCode], [ProductCategoryId], [ProductGroupId], [OrganizationId], [TotalQuantity], [MeasurementUnitId], [EffectiveFrom], [EffectiveTo], [IsActive], [CreatedBy], [CreatedTime], [IsSellable], [IsRawMaterial], [IsNonRebateable]) VALUES (11, N'Kurta', NULL, N'654641', N'5416541', 1, 19, 6, CAST(20.00 AS Decimal(18, 2)), 1030, CAST(N'2019-09-17T12:26:24.763' AS DateTime), NULL, 1, 8, CAST(N'2019-09-17T12:26:24.763' AS DateTime), 1, 1, NULL)
INSERT [dbo].[Products] ([ProductId], [Name], [ModelNo], [Code], [HSCode], [ProductCategoryId], [ProductGroupId], [OrganizationId], [TotalQuantity], [MeasurementUnitId], [EffectiveFrom], [EffectiveTo], [IsActive], [CreatedBy], [CreatedTime], [IsSellable], [IsRawMaterial], [IsNonRebateable]) VALUES (12, N'Fabric (Metres)', NULL, N'744654', N'54654', 1, 18, 6, CAST(20.00 AS Decimal(18, 2)), 1032, CAST(N'2019-09-17T12:27:52.723' AS DateTime), NULL, 1, 8, CAST(N'2019-09-17T12:27:52.723' AS DateTime), 1, 1, NULL)
INSERT [dbo].[Products] ([ProductId], [Name], [ModelNo], [Code], [HSCode], [ProductCategoryId], [ProductGroupId], [OrganizationId], [TotalQuantity], [MeasurementUnitId], [EffectiveFrom], [EffectiveTo], [IsActive], [CreatedBy], [CreatedTime], [IsSellable], [IsRawMaterial], [IsNonRebateable]) VALUES (13, N'Pasteurized Low Fat Milk', NULL, N'446', N'665', 3, 3, 7, CAST(20.00 AS Decimal(18, 2)), 1035, CAST(N'2019-09-17T12:34:06.913' AS DateTime), NULL, 1, 9, CAST(N'2019-09-17T12:34:06.913' AS DateTime), 1, 1, NULL)
INSERT [dbo].[Products] ([ProductId], [Name], [ModelNo], [Code], [HSCode], [ProductCategoryId], [ProductGroupId], [OrganizationId], [TotalQuantity], [MeasurementUnitId], [EffectiveFrom], [EffectiveTo], [IsActive], [CreatedBy], [CreatedTime], [IsSellable], [IsRawMaterial], [IsNonRebateable]) VALUES (14, N'Butter', NULL, N'546', N'1651', 3, 3, 7, CAST(20.00 AS Decimal(18, 2)), 1034, CAST(N'2019-09-17T12:34:33.587' AS DateTime), NULL, 1, 9, CAST(N'2019-09-17T12:34:33.587' AS DateTime), 1, 1, NULL)
INSERT [dbo].[Products] ([ProductId], [Name], [ModelNo], [Code], [HSCode], [ProductCategoryId], [ProductGroupId], [OrganizationId], [TotalQuantity], [MeasurementUnitId], [EffectiveFrom], [EffectiveTo], [IsActive], [CreatedBy], [CreatedTime], [IsSellable], [IsRawMaterial], [IsNonRebateable]) VALUES (15, N'Pasteurized Milk Coffee Special', NULL, N'5465', N'61465', 3, 3, 7, CAST(20.00 AS Decimal(18, 2)), 1035, CAST(N'2019-09-17T12:34:57.887' AS DateTime), NULL, 1, 9, CAST(N'2019-09-17T12:34:57.887' AS DateTime), 1, 1, NULL)
INSERT [dbo].[Products] ([ProductId], [Name], [ModelNo], [Code], [HSCode], [ProductCategoryId], [ProductGroupId], [OrganizationId], [TotalQuantity], [MeasurementUnitId], [EffectiveFrom], [EffectiveTo], [IsActive], [CreatedBy], [CreatedTime], [IsSellable], [IsRawMaterial], [IsNonRebateable]) VALUES (16, N'Laban', NULL, N'159', N'7895', 3, 3, 7, CAST(20.00 AS Decimal(18, 2)), 1035, CAST(N'2019-09-17T12:35:31.093' AS DateTime), NULL, 1, 9, CAST(N'2019-09-17T12:35:31.093' AS DateTime), 1, 1, NULL)
INSERT [dbo].[Products] ([ProductId], [Name], [ModelNo], [Code], [HSCode], [ProductCategoryId], [ProductGroupId], [OrganizationId], [TotalQuantity], [MeasurementUnitId], [EffectiveFrom], [EffectiveTo], [IsActive], [CreatedBy], [CreatedTime], [IsSellable], [IsRawMaterial], [IsNonRebateable]) VALUES (17, N'Matha', NULL, N'2365', N'4569', 3, 3, 7, CAST(20.00 AS Decimal(18, 2)), 1035, CAST(N'2019-09-17T12:36:05.740' AS DateTime), NULL, 1, 9, CAST(N'2019-09-17T12:36:05.740' AS DateTime), 1, 1, NULL)
INSERT [dbo].[Products] ([ProductId], [Name], [ModelNo], [Code], [HSCode], [ProductCategoryId], [ProductGroupId], [OrganizationId], [TotalQuantity], [MeasurementUnitId], [EffectiveFrom], [EffectiveTo], [IsActive], [CreatedBy], [CreatedTime], [IsSellable], [IsRawMaterial], [IsNonRebateable]) VALUES (18, N'Fabric', NULL, N'456', N'1236', 1, 20, 5, CAST(20.00 AS Decimal(18, 2)), 1025, CAST(N'2019-09-18T10:50:57.527' AS DateTime), NULL, 1, 7, CAST(N'2019-09-18T10:50:57.527' AS DateTime), 1, 1, NULL)
INSERT [dbo].[Products] ([ProductId], [Name], [ModelNo], [Code], [HSCode], [ProductCategoryId], [ProductGroupId], [OrganizationId], [TotalQuantity], [MeasurementUnitId], [EffectiveFrom], [EffectiveTo], [IsActive], [CreatedBy], [CreatedTime], [IsSellable], [IsRawMaterial], [IsNonRebateable]) VALUES (21, N'PoloTshirt', NULL, N'4641', N'58485', 1, 8, 5, CAST(20.00 AS Decimal(18, 2)), 1026, CAST(N'2019-09-18T12:11:10.857' AS DateTime), NULL, 1, 7, CAST(N'2019-09-18T12:11:10.857' AS DateTime), 1, 1, NULL)
INSERT [dbo].[Products] ([ProductId], [Name], [ModelNo], [Code], [HSCode], [ProductCategoryId], [ProductGroupId], [OrganizationId], [TotalQuantity], [MeasurementUnitId], [EffectiveFrom], [EffectiveTo], [IsActive], [CreatedBy], [CreatedTime], [IsSellable], [IsRawMaterial], [IsNonRebateable]) VALUES (32, N'Hand Bag', NULL, N'54', N'654', 12, 17, 5, CAST(20.00 AS Decimal(18, 2)), 1026, CAST(N'2019-09-18T15:23:24.727' AS DateTime), CAST(N'2019-11-05T16:00:56.370' AS DateTime), 0, 7, CAST(N'2019-09-18T15:23:24.727' AS DateTime), 1, 0, NULL)
INSERT [dbo].[Products] ([ProductId], [Name], [ModelNo], [Code], [HSCode], [ProductCategoryId], [ProductGroupId], [OrganizationId], [TotalQuantity], [MeasurementUnitId], [EffectiveFrom], [EffectiveTo], [IsActive], [CreatedBy], [CreatedTime], [IsSellable], [IsRawMaterial], [IsNonRebateable]) VALUES (33, N'Travel Bag', NULL, N'5895', N'458965', 1, 17, 5, CAST(20.00 AS Decimal(18, 2)), 1026, CAST(N'2019-11-05T16:02:03.107' AS DateTime), CAST(N'2019-11-24T12:00:18.233' AS DateTime), 0, 7, CAST(N'2019-11-05T16:02:03.107' AS DateTime), 0, 0, NULL)
INSERT [dbo].[Products] ([ProductId], [Name], [ModelNo], [Code], [HSCode], [ProductCategoryId], [ProductGroupId], [OrganizationId], [TotalQuantity], [MeasurementUnitId], [EffectiveFrom], [EffectiveTo], [IsActive], [CreatedBy], [CreatedTime], [IsSellable], [IsRawMaterial], [IsNonRebateable]) VALUES (34, N'Lemonade', NULL, N'5459', N'6326', 4, 2, 5, CAST(20.00 AS Decimal(18, 2)), 1024, CAST(N'2019-11-20T16:34:34.603' AS DateTime), CAST(N'2019-11-24T12:49:24.417' AS DateTime), 1, 7, CAST(N'2019-11-20T16:34:34.603' AS DateTime), 0, 0, NULL)
INSERT [dbo].[Products] ([ProductId], [Name], [ModelNo], [Code], [HSCode], [ProductCategoryId], [ProductGroupId], [OrganizationId], [TotalQuantity], [MeasurementUnitId], [EffectiveFrom], [EffectiveTo], [IsActive], [CreatedBy], [CreatedTime], [IsSellable], [IsRawMaterial], [IsNonRebateable]) VALUES (35, N'Katan Sharee', NULL, N'5562', N'8856', 2, 1, 5, CAST(20.00 AS Decimal(18, 2)), 1026, CAST(N'2019-11-26T12:35:47.987' AS DateTime), NULL, 1, 7, CAST(N'2019-11-26T12:35:47.987' AS DateTime), 0, 0, NULL)
INSERT [dbo].[Products] ([ProductId], [Name], [ModelNo], [Code], [HSCode], [ProductCategoryId], [ProductGroupId], [OrganizationId], [TotalQuantity], [MeasurementUnitId], [EffectiveFrom], [EffectiveTo], [IsActive], [CreatedBy], [CreatedTime], [IsSellable], [IsRawMaterial], [IsNonRebateable]) VALUES (36, N'Katan Sharee', NULL, N'5542', N'6259', 2, 1, 5, CAST(20.00 AS Decimal(18, 2)), 1026, CAST(N'2019-11-26T12:43:13.733' AS DateTime), NULL, 1, 7, CAST(N'2019-11-26T12:43:13.733' AS DateTime), 0, 0, NULL)
INSERT [dbo].[Products] ([ProductId], [Name], [ModelNo], [Code], [HSCode], [ProductCategoryId], [ProductGroupId], [OrganizationId], [TotalQuantity], [MeasurementUnitId], [EffectiveFrom], [EffectiveTo], [IsActive], [CreatedBy], [CreatedTime], [IsSellable], [IsRawMaterial], [IsNonRebateable]) VALUES (37, N'Katan Sharee', NULL, N'5468', N'5526', 2, 1, 5, CAST(20.00 AS Decimal(18, 2)), 1026, CAST(N'2019-11-26T12:52:40.170' AS DateTime), NULL, 1, 7, CAST(N'2019-11-26T12:52:40.170' AS DateTime), 0, 0, NULL)
INSERT [dbo].[Products] ([ProductId], [Name], [ModelNo], [Code], [HSCode], [ProductCategoryId], [ProductGroupId], [OrganizationId], [TotalQuantity], [MeasurementUnitId], [EffectiveFrom], [EffectiveTo], [IsActive], [CreatedBy], [CreatedTime], [IsSellable], [IsRawMaterial], [IsNonRebateable]) VALUES (38, N'Katan Sharee', NULL, N'5542', N'5568', 2, 1, 5, CAST(20.00 AS Decimal(18, 2)), 1026, CAST(N'2019-11-26T12:54:40.063' AS DateTime), NULL, 1, 7, CAST(N'2019-11-26T12:54:40.063' AS DateTime), 0, 0, NULL)
INSERT [dbo].[Products] ([ProductId], [Name], [ModelNo], [Code], [HSCode], [ProductCategoryId], [ProductGroupId], [OrganizationId], [TotalQuantity], [MeasurementUnitId], [EffectiveFrom], [EffectiveTo], [IsActive], [CreatedBy], [CreatedTime], [IsSellable], [IsRawMaterial], [IsNonRebateable]) VALUES (39, N'Katan Sharee', NULL, N'1231', N'12323', 2, 1, 5, CAST(20.00 AS Decimal(18, 2)), 1026, CAST(N'2019-11-26T12:55:59.493' AS DateTime), NULL, 1, 7, CAST(N'2019-11-26T12:55:59.493' AS DateTime), 0, 0, NULL)
INSERT [dbo].[Products] ([ProductId], [Name], [ModelNo], [Code], [HSCode], [ProductCategoryId], [ProductGroupId], [OrganizationId], [TotalQuantity], [MeasurementUnitId], [EffectiveFrom], [EffectiveTo], [IsActive], [CreatedBy], [CreatedTime], [IsSellable], [IsRawMaterial], [IsNonRebateable]) VALUES (40, N'Katan Sharee', NULL, N'2265', N'4589', 2, 1, 5, CAST(20.00 AS Decimal(18, 2)), 1026, CAST(N'2019-11-26T13:00:03.517' AS DateTime), NULL, 1, 7, CAST(N'2019-11-26T13:00:03.517' AS DateTime), 0, 0, NULL)
INSERT [dbo].[Products] ([ProductId], [Name], [ModelNo], [Code], [HSCode], [ProductCategoryId], [ProductGroupId], [OrganizationId], [TotalQuantity], [MeasurementUnitId], [EffectiveFrom], [EffectiveTo], [IsActive], [CreatedBy], [CreatedTime], [IsSellable], [IsRawMaterial], [IsNonRebateable]) VALUES (41, N'Katan Sharee', NULL, N'4321', N'2135', 2, 1, 5, CAST(20.00 AS Decimal(18, 2)), 1023, CAST(N'2019-11-26T13:01:04.590' AS DateTime), NULL, 1, 7, CAST(N'2019-11-26T13:01:04.590' AS DateTime), 0, 0, NULL)
INSERT [dbo].[Products] ([ProductId], [Name], [ModelNo], [Code], [HSCode], [ProductCategoryId], [ProductGroupId], [OrganizationId], [TotalQuantity], [MeasurementUnitId], [EffectiveFrom], [EffectiveTo], [IsActive], [CreatedBy], [CreatedTime], [IsSellable], [IsRawMaterial], [IsNonRebateable]) VALUES (42, N'Katan Sharee', NULL, N'5569', N'4425', 2, 1, 5, CAST(20.00 AS Decimal(18, 2)), 1026, CAST(N'2019-11-26T13:04:03.500' AS DateTime), NULL, 1, 7, CAST(N'2019-11-26T13:04:03.500' AS DateTime), 0, 0, NULL)
INSERT [dbo].[Products] ([ProductId], [Name], [ModelNo], [Code], [HSCode], [ProductCategoryId], [ProductGroupId], [OrganizationId], [TotalQuantity], [MeasurementUnitId], [EffectiveFrom], [EffectiveTo], [IsActive], [CreatedBy], [CreatedTime], [IsSellable], [IsRawMaterial], [IsNonRebateable]) VALUES (43, N'Katan Sharee', NULL, N'5692', N'4586', 2, 1, 5, CAST(20.00 AS Decimal(18, 2)), 1026, CAST(N'2019-11-26T14:56:28.057' AS DateTime), NULL, 1, 7, CAST(N'2019-11-26T14:56:28.057' AS DateTime), 0, 0, NULL)
INSERT [dbo].[Products] ([ProductId], [Name], [ModelNo], [Code], [HSCode], [ProductCategoryId], [ProductGroupId], [OrganizationId], [TotalQuantity], [MeasurementUnitId], [EffectiveFrom], [EffectiveTo], [IsActive], [CreatedBy], [CreatedTime], [IsSellable], [IsRawMaterial], [IsNonRebateable]) VALUES (44, N'Katan Sharee', NULL, N'5625', N'1235', 2, 1, 5, CAST(20.00 AS Decimal(18, 2)), 1026, CAST(N'2019-11-26T14:59:05.520' AS DateTime), NULL, 1, 7, CAST(N'2019-11-26T14:59:05.517' AS DateTime), 0, 0, NULL)
INSERT [dbo].[Products] ([ProductId], [Name], [ModelNo], [Code], [HSCode], [ProductCategoryId], [ProductGroupId], [OrganizationId], [TotalQuantity], [MeasurementUnitId], [EffectiveFrom], [EffectiveTo], [IsActive], [CreatedBy], [CreatedTime], [IsSellable], [IsRawMaterial], [IsNonRebateable]) VALUES (45, N'Katan Sharee', NULL, N'123', N'3324', 2, 1, 5, CAST(20.00 AS Decimal(18, 2)), 1026, CAST(N'2019-11-26T15:00:48.060' AS DateTime), NULL, 1, 7, CAST(N'2019-11-26T15:00:48.060' AS DateTime), 0, 0, NULL)
INSERT [dbo].[Products] ([ProductId], [Name], [ModelNo], [Code], [HSCode], [ProductCategoryId], [ProductGroupId], [OrganizationId], [TotalQuantity], [MeasurementUnitId], [EffectiveFrom], [EffectiveTo], [IsActive], [CreatedBy], [CreatedTime], [IsSellable], [IsRawMaterial], [IsNonRebateable]) VALUES (46, N'Katan Sharee', NULL, N'6253', N'5421', 2, 1, 5, CAST(20.00 AS Decimal(18, 2)), 1026, CAST(N'2019-11-26T15:02:21.727' AS DateTime), NULL, 1, 7, CAST(N'2019-11-26T15:02:21.727' AS DateTime), 0, 0, NULL)
INSERT [dbo].[Products] ([ProductId], [Name], [ModelNo], [Code], [HSCode], [ProductCategoryId], [ProductGroupId], [OrganizationId], [TotalQuantity], [MeasurementUnitId], [EffectiveFrom], [EffectiveTo], [IsActive], [CreatedBy], [CreatedTime], [IsSellable], [IsRawMaterial], [IsNonRebateable]) VALUES (47, N'Katan Sharee', NULL, N'324', N'23434', 1, 1, 5, CAST(20.00 AS Decimal(18, 2)), 1023, CAST(N'2019-11-26T15:15:50.017' AS DateTime), NULL, 1, 7, CAST(N'2019-11-26T15:15:50.017' AS DateTime), 0, 0, NULL)
INSERT [dbo].[Products] ([ProductId], [Name], [ModelNo], [Code], [HSCode], [ProductCategoryId], [ProductGroupId], [OrganizationId], [TotalQuantity], [MeasurementUnitId], [EffectiveFrom], [EffectiveTo], [IsActive], [CreatedBy], [CreatedTime], [IsSellable], [IsRawMaterial], [IsNonRebateable]) VALUES (48, N'Katan Sharee', NULL, N'324', N'23434', 1, 1, 5, CAST(20.00 AS Decimal(18, 2)), 1023, CAST(N'2019-11-26T15:16:16.127' AS DateTime), NULL, 1, 7, CAST(N'2019-11-26T15:16:16.127' AS DateTime), 0, 0, NULL)
INSERT [dbo].[Products] ([ProductId], [Name], [ModelNo], [Code], [HSCode], [ProductCategoryId], [ProductGroupId], [OrganizationId], [TotalQuantity], [MeasurementUnitId], [EffectiveFrom], [EffectiveTo], [IsActive], [CreatedBy], [CreatedTime], [IsSellable], [IsRawMaterial], [IsNonRebateable]) VALUES (49, N'Katan Sharee', NULL, N'1234', N'34452', 2, 1, 5, CAST(20.00 AS Decimal(18, 2)), 1026, CAST(N'2019-11-26T17:21:12.607' AS DateTime), NULL, 1, 7, CAST(N'2019-11-26T17:21:12.607' AS DateTime), 0, 0, NULL)
INSERT [dbo].[Products] ([ProductId], [Name], [ModelNo], [Code], [HSCode], [ProductCategoryId], [ProductGroupId], [OrganizationId], [TotalQuantity], [MeasurementUnitId], [EffectiveFrom], [EffectiveTo], [IsActive], [CreatedBy], [CreatedTime], [IsSellable], [IsRawMaterial], [IsNonRebateable]) VALUES (50, N'Katan Sharee', NULL, N'123', N'234', 2, 1, 5, CAST(20.00 AS Decimal(18, 2)), 1026, CAST(N'2019-11-27T10:40:40.063' AS DateTime), NULL, 1, 7, CAST(N'2019-11-27T10:40:40.063' AS DateTime), 0, 0, NULL)
INSERT [dbo].[Products] ([ProductId], [Name], [ModelNo], [Code], [HSCode], [ProductCategoryId], [ProductGroupId], [OrganizationId], [TotalQuantity], [MeasurementUnitId], [EffectiveFrom], [EffectiveTo], [IsActive], [CreatedBy], [CreatedTime], [IsSellable], [IsRawMaterial], [IsNonRebateable]) VALUES (51, N'Katan Sharee', NULL, N'321', N'234', 2, 1, 5, CAST(20.00 AS Decimal(18, 2)), 1026, CAST(N'2019-11-27T11:03:30.277' AS DateTime), NULL, 1, 7, CAST(N'2019-11-27T11:03:30.273' AS DateTime), 0, 0, NULL)
INSERT [dbo].[Products] ([ProductId], [Name], [ModelNo], [Code], [HSCode], [ProductCategoryId], [ProductGroupId], [OrganizationId], [TotalQuantity], [MeasurementUnitId], [EffectiveFrom], [EffectiveTo], [IsActive], [CreatedBy], [CreatedTime], [IsSellable], [IsRawMaterial], [IsNonRebateable]) VALUES (52, N'Katan Sharee', NULL, N'321', N'234', 2, 1, 5, CAST(20.00 AS Decimal(18, 2)), 1026, CAST(N'2019-11-27T11:04:27.773' AS DateTime), NULL, 1, 7, CAST(N'2019-11-27T11:04:27.773' AS DateTime), 0, 0, NULL)
INSERT [dbo].[Products] ([ProductId], [Name], [ModelNo], [Code], [HSCode], [ProductCategoryId], [ProductGroupId], [OrganizationId], [TotalQuantity], [MeasurementUnitId], [EffectiveFrom], [EffectiveTo], [IsActive], [CreatedBy], [CreatedTime], [IsSellable], [IsRawMaterial], [IsNonRebateable]) VALUES (53, N'Katan Sharee', NULL, N'32123', N'234234', 2, 1, 5, CAST(20.00 AS Decimal(18, 2)), 1026, CAST(N'2019-11-27T11:05:59.390' AS DateTime), NULL, 1, 7, CAST(N'2019-11-27T11:05:59.390' AS DateTime), 0, 0, NULL)
INSERT [dbo].[Products] ([ProductId], [Name], [ModelNo], [Code], [HSCode], [ProductCategoryId], [ProductGroupId], [OrganizationId], [TotalQuantity], [MeasurementUnitId], [EffectiveFrom], [EffectiveTo], [IsActive], [CreatedBy], [CreatedTime], [IsSellable], [IsRawMaterial], [IsNonRebateable]) VALUES (54, N'Katan Sharee', NULL, N'21341', N'2345', 2, 1, 5, CAST(20.00 AS Decimal(18, 2)), 1026, CAST(N'2019-11-27T11:14:43.780' AS DateTime), NULL, 1, 7, CAST(N'2019-11-27T11:14:43.780' AS DateTime), 0, 0, NULL)
INSERT [dbo].[Products] ([ProductId], [Name], [ModelNo], [Code], [HSCode], [ProductCategoryId], [ProductGroupId], [OrganizationId], [TotalQuantity], [MeasurementUnitId], [EffectiveFrom], [EffectiveTo], [IsActive], [CreatedBy], [CreatedTime], [IsSellable], [IsRawMaterial], [IsNonRebateable]) VALUES (55, N'Katan Sharee', NULL, N'3123', N'234234', 2, 1, 5, CAST(20.00 AS Decimal(18, 2)), 1026, CAST(N'2019-11-27T11:16:02.227' AS DateTime), CAST(N'2019-11-27T15:01:16.763' AS DateTime), 0, 7, CAST(N'2019-11-27T11:16:02.227' AS DateTime), 0, 0, NULL)
INSERT [dbo].[Products] ([ProductId], [Name], [ModelNo], [Code], [HSCode], [ProductCategoryId], [ProductGroupId], [OrganizationId], [TotalQuantity], [MeasurementUnitId], [EffectiveFrom], [EffectiveTo], [IsActive], [CreatedBy], [CreatedTime], [IsSellable], [IsRawMaterial], [IsNonRebateable]) VALUES (56, N'TV', NULL, N'123445', N'22', 5, 14, 5, CAST(20.00 AS Decimal(18, 2)), 1023, CAST(N'2019-11-27T15:26:26.983' AS DateTime), NULL, 1, 7, CAST(N'2019-11-27T15:26:26.957' AS DateTime), 1, 0, NULL)
INSERT [dbo].[Products] ([ProductId], [Name], [ModelNo], [Code], [HSCode], [ProductCategoryId], [ProductGroupId], [OrganizationId], [TotalQuantity], [MeasurementUnitId], [EffectiveFrom], [EffectiveTo], [IsActive], [CreatedBy], [CreatedTime], [IsSellable], [IsRawMaterial], [IsNonRebateable]) VALUES (57, N'TV', NULL, N'12344', N'22', 1, 1, 5, CAST(20.00 AS Decimal(18, 2)), 1023, CAST(N'2019-11-27T15:40:03.633' AS DateTime), NULL, 1, 7, CAST(N'2019-11-27T15:40:03.633' AS DateTime), 0, 0, NULL)
INSERT [dbo].[Products] ([ProductId], [Name], [ModelNo], [Code], [HSCode], [ProductCategoryId], [ProductGroupId], [OrganizationId], [TotalQuantity], [MeasurementUnitId], [EffectiveFrom], [EffectiveTo], [IsActive], [CreatedBy], [CreatedTime], [IsSellable], [IsRawMaterial], [IsNonRebateable]) VALUES (58, N'Shari', NULL, N'123445', N'22', 1, 1, 5, CAST(20.00 AS Decimal(18, 2)), 1023, CAST(N'2019-11-27T16:23:36.777' AS DateTime), NULL, 1, 7, CAST(N'2019-11-27T16:23:36.777' AS DateTime), 1, 0, NULL)
INSERT [dbo].[Products] ([ProductId], [Name], [ModelNo], [Code], [HSCode], [ProductCategoryId], [ProductGroupId], [OrganizationId], [TotalQuantity], [MeasurementUnitId], [EffectiveFrom], [EffectiveTo], [IsActive], [CreatedBy], [CreatedTime], [IsSellable], [IsRawMaterial], [IsNonRebateable]) VALUES (59, N'TV', NULL, N'123445', N'22', 1, 1, 5, CAST(20.00 AS Decimal(18, 2)), 1023, CAST(N'2019-11-27T16:35:43.983' AS DateTime), NULL, 1, 7, CAST(N'2019-11-27T16:35:43.983' AS DateTime), 1, 0, NULL)
INSERT [dbo].[Products] ([ProductId], [Name], [ModelNo], [Code], [HSCode], [ProductCategoryId], [ProductGroupId], [OrganizationId], [TotalQuantity], [MeasurementUnitId], [EffectiveFrom], [EffectiveTo], [IsActive], [CreatedBy], [CreatedTime], [IsSellable], [IsRawMaterial], [IsNonRebateable]) VALUES (60, N'TV', NULL, N'123445', N'22', 1, 1, 5, CAST(20.00 AS Decimal(18, 2)), 1023, CAST(N'2019-11-27T16:39:30.230' AS DateTime), NULL, 1, 7, CAST(N'2019-11-27T16:39:30.230' AS DateTime), 0, 0, NULL)
INSERT [dbo].[Products] ([ProductId], [Name], [ModelNo], [Code], [HSCode], [ProductCategoryId], [ProductGroupId], [OrganizationId], [TotalQuantity], [MeasurementUnitId], [EffectiveFrom], [EffectiveTo], [IsActive], [CreatedBy], [CreatedTime], [IsSellable], [IsRawMaterial], [IsNonRebateable]) VALUES (61, N'TV', NULL, N'123445', N'22', 1, 1, 5, CAST(20.00 AS Decimal(18, 2)), 1023, CAST(N'2019-11-27T16:56:50.330' AS DateTime), NULL, 1, 7, CAST(N'2019-11-27T16:56:50.330' AS DateTime), 0, 0, NULL)
INSERT [dbo].[Products] ([ProductId], [Name], [ModelNo], [Code], [HSCode], [ProductCategoryId], [ProductGroupId], [OrganizationId], [TotalQuantity], [MeasurementUnitId], [EffectiveFrom], [EffectiveTo], [IsActive], [CreatedBy], [CreatedTime], [IsSellable], [IsRawMaterial], [IsNonRebateable]) VALUES (62, N'TV', NULL, N'123445', N'22', 1, 1, 5, CAST(20.00 AS Decimal(18, 2)), 1023, CAST(N'2019-11-27T17:01:03.503' AS DateTime), NULL, 1, 7, CAST(N'2019-11-27T17:01:03.500' AS DateTime), 0, 0, NULL)
INSERT [dbo].[Products] ([ProductId], [Name], [ModelNo], [Code], [HSCode], [ProductCategoryId], [ProductGroupId], [OrganizationId], [TotalQuantity], [MeasurementUnitId], [EffectiveFrom], [EffectiveTo], [IsActive], [CreatedBy], [CreatedTime], [IsSellable], [IsRawMaterial], [IsNonRebateable]) VALUES (63, N'TV', NULL, N'55555', N'22', 1, 1, 5, CAST(20.00 AS Decimal(18, 2)), 1023, CAST(N'2019-11-27T17:05:37.270' AS DateTime), NULL, 1, 7, CAST(N'2019-11-27T17:05:37.270' AS DateTime), 1, 0, NULL)
INSERT [dbo].[Products] ([ProductId], [Name], [ModelNo], [Code], [HSCode], [ProductCategoryId], [ProductGroupId], [OrganizationId], [TotalQuantity], [MeasurementUnitId], [EffectiveFrom], [EffectiveTo], [IsActive], [CreatedBy], [CreatedTime], [IsSellable], [IsRawMaterial], [IsNonRebateable]) VALUES (64, N'Button', NULL, N'242', N'365346', 1, 22, 5, CAST(20.00 AS Decimal(18, 2)), 1026, CAST(N'2019-11-28T17:09:35.853' AS DateTime), NULL, 1, 7, CAST(N'2019-11-28T17:09:35.853' AS DateTime), 1, 1, NULL)
INSERT [dbo].[Products] ([ProductId], [Name], [ModelNo], [Code], [HSCode], [ProductCategoryId], [ProductGroupId], [OrganizationId], [TotalQuantity], [MeasurementUnitId], [EffectiveFrom], [EffectiveTo], [IsActive], [CreatedBy], [CreatedTime], [IsSellable], [IsRawMaterial], [IsNonRebateable]) VALUES (65, N'Colour', NULL, N'4645', N'643637', 1, 22, 5, CAST(20.00 AS Decimal(18, 2)), 1025, CAST(N'2019-11-28T17:09:58.000' AS DateTime), NULL, 1, 7, CAST(N'2019-11-28T17:09:58.000' AS DateTime), 1, 1, NULL)
INSERT [dbo].[Products] ([ProductId], [Name], [ModelNo], [Code], [HSCode], [ProductCategoryId], [ProductGroupId], [OrganizationId], [TotalQuantity], [MeasurementUnitId], [EffectiveFrom], [EffectiveTo], [IsActive], [CreatedBy], [CreatedTime], [IsSellable], [IsRawMaterial], [IsNonRebateable]) VALUES (66, N'Yarn', NULL, N'352346', N'3456346', 1, 22, 5, CAST(20.00 AS Decimal(18, 2)), 1025, CAST(N'2019-11-28T17:12:34.840' AS DateTime), NULL, 1, 7, CAST(N'2019-11-28T17:12:34.840' AS DateTime), 1, 1, NULL)
INSERT [dbo].[Products] ([ProductId], [Name], [ModelNo], [Code], [HSCode], [ProductCategoryId], [ProductGroupId], [OrganizationId], [TotalQuantity], [MeasurementUnitId], [EffectiveFrom], [EffectiveTo], [IsActive], [CreatedBy], [CreatedTime], [IsSellable], [IsRawMaterial], [IsNonRebateable]) VALUES (67, N'Button', NULL, N'124', N'124', 6, 1, 6, CAST(20.00 AS Decimal(18, 2)), 1029, CAST(N'2019-12-01T11:28:38.780' AS DateTime), NULL, 1, 8, CAST(N'2019-12-01T11:28:38.780' AS DateTime), 0, 1, NULL)
SET IDENTITY_INSERT [dbo].[Products] OFF
SET IDENTITY_INSERT [dbo].[ProductVATs] ON 

INSERT [dbo].[ProductVATs] ([ProductVATId], [ProductId], [ProductVATTypeId], [EffectiveFrom], [EffectiveTo], [IsActive], [CreatedBy], [CreatedTime]) VALUES (2, 67, 1, CAST(N'2019-12-01T11:28:38.957' AS DateTime), NULL, 1, 8, CAST(N'2019-12-01T11:28:38.957' AS DateTime))
INSERT [dbo].[ProductVATs] ([ProductVATId], [ProductId], [ProductVATTypeId], [EffectiveFrom], [EffectiveTo], [IsActive], [CreatedBy], [CreatedTime]) VALUES (3, 12, 1, CAST(N'2019-12-01T11:58:43.530' AS DateTime), NULL, 1, 8, CAST(N'2019-12-01T11:58:43.530' AS DateTime))
INSERT [dbo].[ProductVATs] ([ProductVATId], [ProductId], [ProductVATTypeId], [EffectiveFrom], [EffectiveTo], [IsActive], [CreatedBy], [CreatedTime]) VALUES (4, 9, 1, CAST(N'2019-12-01T12:17:45.187' AS DateTime), NULL, 1, 8, CAST(N'2019-12-01T12:17:45.187' AS DateTime))
SET IDENTITY_INSERT [dbo].[ProductVATs] OFF
SET IDENTITY_INSERT [dbo].[District] ON 

INSERT [dbo].[District] ([DistrictId], [Name], [NameInBangla]) VALUES (1, N'Dhaka', N'ঢাকা')
SET IDENTITY_INSERT [dbo].[District] OFF
SET IDENTITY_INSERT [dbo].[Bank] ON 

INSERT [dbo].[Bank] ([BankId], [Name], [NameInBangla]) VALUES (1, N'Sonali Bank Limited', N'সোনালী ব্যাংক লিমিটেড')
SET IDENTITY_INSERT [dbo].[Bank] OFF
SET IDENTITY_INSERT [dbo].[BankBranch] ON 

INSERT [dbo].[BankBranch] ([BankBranchId], [BankId], [DistrictId], [Name], [NameInBangla]) VALUES (1, 1, 1, N'Motijheel', N'মতিঝিল')
SET IDENTITY_INSERT [dbo].[BankBranch] OFF
INSERT [dbo].[NbrEconomicCodeType] ([NbrEconomicCodeTypeId], [CodeTypeName]) VALUES (1, N'VAT')
INSERT [dbo].[NbrEconomicCodeType] ([NbrEconomicCodeTypeId], [CodeTypeName]) VALUES (2, N'Customs')
INSERT [dbo].[NbrEconomicCodeType] ([NbrEconomicCodeTypeId], [CodeTypeName]) VALUES (3, N'Income Tax')
INSERT [dbo].[NbrEconomicCode] ([NbrEconomicCodeId], [NbrEconomicCodeTypeId], [EconomicTitle], [EconomicCode], [Code1stDisit], [Code2ndDisit], [Code3rdDisit], [Code4thDisit], [Code5thDisit], [Code6thDisit], [Code7thDisit], [Code8thDisit], [Code9thDisit], [Code10thDisit], [Code11thDisit], [Code12thDisit], [Code13thDisit], [IsActive], [EffectiveFrom], [EffectiveTo]) VALUES (1, 1, N'নিলাম বিক্রয়ে প্রাপ্ত অর্থ', N'1/1103/0000/2681', N'1', N'1', N'1', N'0', N'3', N'0', N'0', N'0', N'0', N'2', N'6', N'8', N'1', 1, CAST(N'2019-10-31T13:04:44.050' AS DateTime), NULL)
INSERT [dbo].[NbrEconomicCode] ([NbrEconomicCodeId], [NbrEconomicCodeTypeId], [EconomicTitle], [EconomicCode], [Code1stDisit], [Code2ndDisit], [Code3rdDisit], [Code4thDisit], [Code5thDisit], [Code6thDisit], [Code7thDisit], [Code8thDisit], [Code9thDisit], [Code10thDisit], [Code11thDisit], [Code12thDisit], [Code13thDisit], [IsActive], [EffectiveFrom], [EffectiveTo]) VALUES (2, 1, N'অতিরিক্ত প্রদত্ত টাকা আদায়', N'1/1133/0000/2671', N'1', N'1', N'1', N'3', N'3', N'0', N'0', N'0', N'0', N'2', N'6', N'7', N'1', 1, CAST(N'2019-10-31T13:04:44.050' AS DateTime), NULL)
INSERT [dbo].[NbrEconomicCode] ([NbrEconomicCodeId], [NbrEconomicCodeTypeId], [EconomicTitle], [EconomicCode], [Code1stDisit], [Code2ndDisit], [Code3rdDisit], [Code4thDisit], [Code5thDisit], [Code6thDisit], [Code7thDisit], [Code8thDisit], [Code9thDisit], [Code10thDisit], [Code11thDisit], [Code12thDisit], [Code13thDisit], [IsActive], [EffectiveFrom], [EffectiveTo]) VALUES (3, 1, N'প্রি-শিপমেন্ট সার্ভিস চার্জ', N'1/1103/0000/2016', N'1', N'1', N'1', N'0', N'3', N'0', N'0', N'0', N'0', N'2', N'0', N'1', N'6', 1, CAST(N'2019-10-31T13:04:44.050' AS DateTime), NULL)
INSERT [dbo].[NbrEconomicCode] ([NbrEconomicCodeId], [NbrEconomicCodeTypeId], [EconomicTitle], [EconomicCode], [Code1stDisit], [Code2ndDisit], [Code3rdDisit], [Code4thDisit], [Code5thDisit], [Code6thDisit], [Code7thDisit], [Code8thDisit], [Code9thDisit], [Code10thDisit], [Code11thDisit], [Code12thDisit], [Code13thDisit], [IsActive], [EffectiveFrom], [EffectiveTo]) VALUES (4, 1, N'দলিলপত্রের প্রতিলিপি প্রদান', N'1/1133/0000/2681', N'1', N'1', N'1', N'3', N'3', N'0', N'0', N'0', N'0', N'2', N'6', N'8', N'1', 1, CAST(N'2019-10-31T13:04:44.050' AS DateTime), NULL)
INSERT [dbo].[NbrEconomicCode] ([NbrEconomicCodeId], [NbrEconomicCodeTypeId], [EconomicTitle], [EconomicCode], [Code1stDisit], [Code2ndDisit], [Code3rdDisit], [Code4thDisit], [Code5thDisit], [Code6thDisit], [Code7thDisit], [Code8thDisit], [Code9thDisit], [Code10thDisit], [Code11thDisit], [Code12thDisit], [Code13thDisit], [IsActive], [EffectiveFrom], [EffectiveTo]) VALUES (5, 1, N'ডিউটি ড্র ব্যাক', N'1/1133/0000/0497', N'1', N'1', N'1', N'3', N'3', N'0', N'0', N'0', N'0', N'0', N'4', N'9', N'7', 1, CAST(N'2019-10-31T13:04:44.050' AS DateTime), NULL)
INSERT [dbo].[NbrEconomicCode] ([NbrEconomicCodeId], [NbrEconomicCodeTypeId], [EconomicTitle], [EconomicCode], [Code1stDisit], [Code2ndDisit], [Code3rdDisit], [Code4thDisit], [Code5thDisit], [Code6thDisit], [Code7thDisit], [Code8thDisit], [Code9thDisit], [Code10thDisit], [Code11thDisit], [Code12thDisit], [Code13thDisit], [IsActive], [EffectiveFrom], [EffectiveTo]) VALUES (6, 1, N'কর্তন-মূসক বাবদ ফেরত', N'1/1133/0000/0399', N'1', N'1', N'1', N'3', N'3', N'0', N'0', N'0', N'0', N'0', N'3', N'9', N'9', 1, CAST(N'2019-10-31T13:04:44.050' AS DateTime), NULL)
INSERT [dbo].[NbrEconomicCode] ([NbrEconomicCodeId], [NbrEconomicCodeTypeId], [EconomicTitle], [EconomicCode], [Code1stDisit], [Code2ndDisit], [Code3rdDisit], [Code4thDisit], [Code5thDisit], [Code6thDisit], [Code7thDisit], [Code8thDisit], [Code9thDisit], [Code10thDisit], [Code11thDisit], [Code12thDisit], [Code13thDisit], [IsActive], [EffectiveFrom], [EffectiveTo]) VALUES (7, 1, N'অর্থদন্ড ও জরিমানা', N'1/1103/0000/1901', N'1', N'1', N'1', N'0', N'3', N'0', N'0', N'0', N'0', N'1', N'9', N'0', N'1', 1, CAST(N'2019-10-31T13:04:44.050' AS DateTime), NULL)
INSERT [dbo].[NbrEconomicCode] ([NbrEconomicCodeId], [NbrEconomicCodeTypeId], [EconomicTitle], [EconomicCode], [Code1stDisit], [Code2ndDisit], [Code3rdDisit], [Code4thDisit], [Code5thDisit], [Code6thDisit], [Code7thDisit], [Code8thDisit], [Code9thDisit], [Code10thDisit], [Code11thDisit], [Code12thDisit], [Code13thDisit], [IsActive], [EffectiveFrom], [EffectiveTo]) VALUES (8, 1, N'অন্যান্য মূসক', N'1/1133/0000/0391', N'1', N'1', N'1', N'3', N'3', N'0', N'0', N'0', N'0', N'0', N'3', N'9', N'1', 1, CAST(N'2019-10-31T13:04:44.050' AS DateTime), NULL)
INSERT [dbo].[NbrEconomicCode] ([NbrEconomicCodeId], [NbrEconomicCodeTypeId], [EconomicTitle], [EconomicCode], [Code1stDisit], [Code2ndDisit], [Code3rdDisit], [Code4thDisit], [Code5thDisit], [Code6thDisit], [Code7thDisit], [Code8thDisit], [Code9thDisit], [Code10thDisit], [Code11thDisit], [Code12thDisit], [Code13thDisit], [IsActive], [EffectiveFrom], [EffectiveTo]) VALUES (9, 1, N'আবগারি শুল্ক', N'1/1133/0000/0601', N'1', N'1', N'1', N'3', N'3', N'0', N'0', N'0', N'0', N'0', N'6', N'0', N'1', 1, CAST(N'2019-10-31T13:04:44.050' AS DateTime), NULL)
INSERT [dbo].[NbrEconomicCode] ([NbrEconomicCodeId], [NbrEconomicCodeTypeId], [EconomicTitle], [EconomicCode], [Code1stDisit], [Code2ndDisit], [Code3rdDisit], [Code4thDisit], [Code5thDisit], [Code6thDisit], [Code7thDisit], [Code8thDisit], [Code9thDisit], [Code10thDisit], [Code11thDisit], [Code12thDisit], [Code13thDisit], [IsActive], [EffectiveFrom], [EffectiveTo]) VALUES (10, 1, N'টার্নওভার কর', N'1/1133/0000/0313', N'1', N'1', N'1', N'3', N'3', N'0', N'0', N'0', N'0', N'0', N'3', N'1', N'3', 1, CAST(N'2019-10-31T13:04:44.050' AS DateTime), NULL)
INSERT [dbo].[NbrEconomicCode] ([NbrEconomicCodeId], [NbrEconomicCodeTypeId], [EconomicTitle], [EconomicCode], [Code1stDisit], [Code2ndDisit], [Code3rdDisit], [Code4thDisit], [Code5thDisit], [Code6thDisit], [Code7thDisit], [Code8thDisit], [Code9thDisit], [Code10thDisit], [Code11thDisit], [Code12thDisit], [Code13thDisit], [IsActive], [EffectiveFrom], [EffectiveTo]) VALUES (11, 1, N'দেশজ সেবার ওপর সম্পূরক শুল্ক', N'1/1133/0000/0721', N'1', N'1', N'1', N'3', N'3', N'0', N'0', N'0', N'0', N'0', N'7', N'2', N'1', 1, CAST(N'2019-10-31T13:04:44.050' AS DateTime), NULL)
INSERT [dbo].[NbrEconomicCode] ([NbrEconomicCodeId], [NbrEconomicCodeTypeId], [EconomicTitle], [EconomicCode], [Code1stDisit], [Code2ndDisit], [Code3rdDisit], [Code4thDisit], [Code5thDisit], [Code6thDisit], [Code7thDisit], [Code8thDisit], [Code9thDisit], [Code10thDisit], [Code11thDisit], [Code12thDisit], [Code13thDisit], [IsActive], [EffectiveFrom], [EffectiveTo]) VALUES (12, 1, N'দেশজ পণ্যের ওপর সম্পূরক শুল্ক', N'1/1133/0000/0711', N'1', N'1', N'1', N'3', N'3', N'0', N'0', N'0', N'0', N'0', N'7', N'1', N'1', 1, CAST(N'2019-10-31T13:04:44.050' AS DateTime), NULL)
INSERT [dbo].[NbrEconomicCode] ([NbrEconomicCodeId], [NbrEconomicCodeTypeId], [EconomicTitle], [EconomicCode], [Code1stDisit], [Code2ndDisit], [Code3rdDisit], [Code4thDisit], [Code5thDisit], [Code6thDisit], [Code7thDisit], [Code8thDisit], [Code9thDisit], [Code10thDisit], [Code11thDisit], [Code12thDisit], [Code13thDisit], [IsActive], [EffectiveFrom], [EffectiveTo]) VALUES (13, 1, N'দেশজ পণ্য ও সেবার ওপর মূসক', N'1/1133/0000/0311', N'1', N'1', N'1', N'3', N'3', N'0', N'0', N'0', N'0', N'0', N'3', N'1', N'1', 1, CAST(N'2019-10-31T13:04:44.050' AS DateTime), NULL)
INSERT [dbo].[NbrEconomicCode] ([NbrEconomicCodeId], [NbrEconomicCodeTypeId], [EconomicTitle], [EconomicCode], [Code1stDisit], [Code2ndDisit], [Code3rdDisit], [Code4thDisit], [Code5thDisit], [Code6thDisit], [Code7thDisit], [Code8thDisit], [Code9thDisit], [Code10thDisit], [Code11thDisit], [Code12thDisit], [Code13thDisit], [IsActive], [EffectiveFrom], [EffectiveTo]) VALUES (14, 2, N'স্টোরেজ ফি', N'1/1103/0000/2681', N'1', N'1', N'1', N'0', N'3', N'0', N'0', N'0', N'0', N'2', N'6', N'8', N'1', 1, CAST(N'2019-10-31T13:04:44.050' AS DateTime), NULL)
INSERT [dbo].[NbrEconomicCode] ([NbrEconomicCodeId], [NbrEconomicCodeTypeId], [EconomicTitle], [EconomicCode], [Code1stDisit], [Code2ndDisit], [Code3rdDisit], [Code4thDisit], [Code5thDisit], [Code6thDisit], [Code7thDisit], [Code8thDisit], [Code9thDisit], [Code10thDisit], [Code11thDisit], [Code12thDisit], [Code13thDisit], [IsActive], [EffectiveFrom], [EffectiveTo]) VALUES (15, 2, N'লাইসেন্স ফি', N'1/1101/0000/1854', N'1', N'1', N'1', N'0', N'1', N'0', N'0', N'0', N'0', N'1', N'8', N'5', N'4', 1, CAST(N'2019-10-31T13:04:44.050' AS DateTime), NULL)
INSERT [dbo].[NbrEconomicCode] ([NbrEconomicCodeId], [NbrEconomicCodeTypeId], [EconomicTitle], [EconomicCode], [Code1stDisit], [Code2ndDisit], [Code3rdDisit], [Code4thDisit], [Code5thDisit], [Code6thDisit], [Code7thDisit], [Code8thDisit], [Code9thDisit], [Code10thDisit], [Code11thDisit], [Code12thDisit], [Code13thDisit], [IsActive], [EffectiveFrom], [EffectiveTo]) VALUES (16, 2, N'অতিরিক্ত প্রদত্ত টাকা আদায়', N'1/1131/0000/2671', N'1', N'1', N'1', N'3', N'1', N'0', N'0', N'0', N'0', N'2', N'6', N'7', N'1', 1, CAST(N'2019-10-31T13:04:44.050' AS DateTime), NULL)
INSERT [dbo].[NbrEconomicCode] ([NbrEconomicCodeId], [NbrEconomicCodeTypeId], [EconomicTitle], [EconomicCode], [Code1stDisit], [Code2ndDisit], [Code3rdDisit], [Code4thDisit], [Code5thDisit], [Code6thDisit], [Code7thDisit], [Code8thDisit], [Code9thDisit], [Code10thDisit], [Code11thDisit], [Code12thDisit], [Code13thDisit], [IsActive], [EffectiveFrom], [EffectiveTo]) VALUES (17, 2, N'রপ্তানি কর', N'1/1131/0000/0501', N'1', N'1', N'1', N'3', N'1', N'0', N'0', N'0', N'0', N'0', N'5', N'0', N'1', 1, CAST(N'2019-10-31T13:04:44.050' AS DateTime), NULL)
INSERT [dbo].[NbrEconomicCode] ([NbrEconomicCodeId], [NbrEconomicCodeTypeId], [EconomicTitle], [EconomicCode], [Code1stDisit], [Code2ndDisit], [Code3rdDisit], [Code4thDisit], [Code5thDisit], [Code6thDisit], [Code7thDisit], [Code8thDisit], [Code9thDisit], [Code10thDisit], [Code11thDisit], [Code12thDisit], [Code13thDisit], [IsActive], [EffectiveFrom], [EffectiveTo]) VALUES (18, 2, N'ডিউটি ড্র ব্যাক (রাজস্ব ফেরত)', N'1/1140/0000/0497', N'1', N'1', N'1', N'4', N'0', N'0', N'0', N'0', N'0', N'0', N'4', N'9', N'7', 1, CAST(N'2019-10-31T13:04:44.050' AS DateTime), NULL)
INSERT [dbo].[NbrEconomicCode] ([NbrEconomicCodeId], [NbrEconomicCodeTypeId], [EconomicTitle], [EconomicCode], [Code1stDisit], [Code2ndDisit], [Code3rdDisit], [Code4thDisit], [Code5thDisit], [Code6thDisit], [Code7thDisit], [Code8thDisit], [Code9thDisit], [Code10thDisit], [Code11thDisit], [Code12thDisit], [Code13thDisit], [IsActive], [EffectiveFrom], [EffectiveTo]) VALUES (19, 2, N'কর্তন-ডিউটি ড্র ব্যাক', N'1/1140/0000/0497', N'1', N'1', N'1', N'4', N'0', N'0', N'0', N'0', N'0', N'0', N'4', N'9', N'7', 1, CAST(N'2019-10-31T13:04:44.050' AS DateTime), NULL)
INSERT [dbo].[NbrEconomicCode] ([NbrEconomicCodeId], [NbrEconomicCodeTypeId], [EconomicTitle], [EconomicCode], [Code1stDisit], [Code2ndDisit], [Code3rdDisit], [Code4thDisit], [Code5thDisit], [Code6thDisit], [Code7thDisit], [Code8thDisit], [Code9thDisit], [Code10thDisit], [Code11thDisit], [Code12thDisit], [Code13thDisit], [IsActive], [EffectiveFrom], [EffectiveTo]) VALUES (20, 2, N'প্রি-শিপমেন্ট সার্ভিস চার্জ', N'1/1103/0000/2016', N'1', N'1', N'1', N'0', N'3', N'0', N'0', N'0', N'0', N'2', N'0', N'1', N'6', 1, CAST(N'2019-10-31T13:04:44.050' AS DateTime), NULL)
INSERT [dbo].[NbrEconomicCode] ([NbrEconomicCodeId], [NbrEconomicCodeTypeId], [EconomicTitle], [EconomicCode], [Code1stDisit], [Code2ndDisit], [Code3rdDisit], [Code4thDisit], [Code5thDisit], [Code6thDisit], [Code7thDisit], [Code8thDisit], [Code9thDisit], [Code10thDisit], [Code11thDisit], [Code12thDisit], [Code13thDisit], [IsActive], [EffectiveFrom], [EffectiveTo]) VALUES (21, 2, N'আমদানি পণ্যের ওপর সম্পূরক শুল্ক', N'1/1131/0000/0701', N'1', N'1', N'1', N'3', N'1', N'0', N'0', N'0', N'0', N'0', N'7', N'0', N'1', 1, CAST(N'2019-10-31T13:04:44.050' AS DateTime), NULL)
INSERT [dbo].[NbrEconomicCode] ([NbrEconomicCodeId], [NbrEconomicCodeTypeId], [EconomicTitle], [EconomicCode], [Code1stDisit], [Code2ndDisit], [Code3rdDisit], [Code4thDisit], [Code5thDisit], [Code6thDisit], [Code7thDisit], [Code8thDisit], [Code9thDisit], [Code10thDisit], [Code11thDisit], [Code12thDisit], [Code13thDisit], [IsActive], [EffectiveFrom], [EffectiveTo]) VALUES (22, 2, N'আমদানি পণ্যের ওপর মূসক', N'1/1133/0000/0301', N'1', N'1', N'1', N'3', N'3', N'0', N'0', N'0', N'0', N'0', N'3', N'0', N'1', 1, CAST(N'2019-10-31T13:04:44.050' AS DateTime), NULL)
INSERT [dbo].[NbrEconomicCode] ([NbrEconomicCodeId], [NbrEconomicCodeTypeId], [EconomicTitle], [EconomicCode], [Code1stDisit], [Code2ndDisit], [Code3rdDisit], [Code4thDisit], [Code5thDisit], [Code6thDisit], [Code7thDisit], [Code8thDisit], [Code9thDisit], [Code10thDisit], [Code11thDisit], [Code12thDisit], [Code13thDisit], [IsActive], [EffectiveFrom], [EffectiveTo]) VALUES (23, 2, N'দলিলপত্রের  প্রতিলিপি প্রদান', N'1/1131/0000/2681', N'1', N'1', N'1', N'3', N'1', N'0', N'0', N'0', N'0', N'2', N'6', N'8', N'1', 1, CAST(N'2019-10-31T13:04:44.050' AS DateTime), NULL)
INSERT [dbo].[NbrEconomicCode] ([NbrEconomicCodeId], [NbrEconomicCodeTypeId], [EconomicTitle], [EconomicCode], [Code1stDisit], [Code2ndDisit], [Code3rdDisit], [Code4thDisit], [Code5thDisit], [Code6thDisit], [Code7thDisit], [Code8thDisit], [Code9thDisit], [Code10thDisit], [Code11thDisit], [Code12thDisit], [Code13thDisit], [IsActive], [EffectiveFrom], [EffectiveTo]) VALUES (24, 2, N'অন্যান্য রাজস্ব', N'1/1103/0000/0961', N'1', N'1', N'1', N'0', N'3', N'0', N'0', N'0', N'0', N'0', N'9', N'6', N'1', 1, CAST(N'2019-10-31T13:04:44.050' AS DateTime), NULL)
INSERT [dbo].[NbrEconomicCode] ([NbrEconomicCodeId], [NbrEconomicCodeTypeId], [EconomicTitle], [EconomicCode], [Code1stDisit], [Code2ndDisit], [Code3rdDisit], [Code4thDisit], [Code5thDisit], [Code6thDisit], [Code7thDisit], [Code8thDisit], [Code9thDisit], [Code10thDisit], [Code11thDisit], [Code12thDisit], [Code13thDisit], [IsActive], [EffectiveFrom], [EffectiveTo]) VALUES (25, 2, N'নিলাম বিক্রয়ে প্রাপ্ত অর্থ', N'1/1103/0000/2681', N'1', N'1', N'1', N'0', N'3', N'0', N'0', N'0', N'0', N'2', N'6', N'8', N'1', 1, CAST(N'2019-10-31T13:04:44.050' AS DateTime), NULL)
INSERT [dbo].[NbrEconomicCode] ([NbrEconomicCodeId], [NbrEconomicCodeTypeId], [EconomicTitle], [EconomicCode], [Code1stDisit], [Code2ndDisit], [Code3rdDisit], [Code4thDisit], [Code5thDisit], [Code6thDisit], [Code7thDisit], [Code8thDisit], [Code9thDisit], [Code10thDisit], [Code11thDisit], [Code12thDisit], [Code13thDisit], [IsActive], [EffectiveFrom], [EffectiveTo]) VALUES (26, 2, N'অর্থদন্ড ও জরিমানা', N'1/1103/0000/1901', N'1', N'1', N'1', N'0', N'3', N'0', N'0', N'0', N'0', N'1', N'9', N'0', N'1', 1, CAST(N'2019-10-31T13:04:44.050' AS DateTime), NULL)
INSERT [dbo].[NbrEconomicCode] ([NbrEconomicCodeId], [NbrEconomicCodeTypeId], [EconomicTitle], [EconomicCode], [Code1stDisit], [Code2ndDisit], [Code3rdDisit], [Code4thDisit], [Code5thDisit], [Code6thDisit], [Code7thDisit], [Code8thDisit], [Code9thDisit], [Code10thDisit], [Code11thDisit], [Code12thDisit], [Code13thDisit], [IsActive], [EffectiveFrom], [EffectiveTo]) VALUES (27, 2, N'অবকাঠামো উন্নয়ন সারচার্জ', N'1/1131/0000/0421', N'1', N'1', N'1', N'3', N'1', N'0', N'0', N'0', N'0', N'0', N'4', N'2', N'1', 1, CAST(N'2019-10-31T13:04:44.050' AS DateTime), NULL)
INSERT [dbo].[NbrEconomicCode] ([NbrEconomicCodeId], [NbrEconomicCodeTypeId], [EconomicTitle], [EconomicCode], [Code1stDisit], [Code2ndDisit], [Code3rdDisit], [Code4thDisit], [Code5thDisit], [Code6thDisit], [Code7thDisit], [Code8thDisit], [Code9thDisit], [Code10thDisit], [Code11thDisit], [Code12thDisit], [Code13thDisit], [IsActive], [EffectiveFrom], [EffectiveTo]) VALUES (28, 2, N'কাস্টমস সারচার্জ', N'1/1131/0000/0421', N'1', N'1', N'1', N'3', N'1', N'0', N'0', N'0', N'0', N'0', N'4', N'2', N'1', 1, CAST(N'2019-10-31T13:04:44.050' AS DateTime), NULL)
INSERT [dbo].[NbrEconomicCode] ([NbrEconomicCodeId], [NbrEconomicCodeTypeId], [EconomicTitle], [EconomicCode], [Code1stDisit], [Code2ndDisit], [Code3rdDisit], [Code4thDisit], [Code5thDisit], [Code6thDisit], [Code7thDisit], [Code8thDisit], [Code9thDisit], [Code10thDisit], [Code11thDisit], [Code12thDisit], [Code13thDisit], [IsActive], [EffectiveFrom], [EffectiveTo]) VALUES (29, 2, N'আমদানি শুল্ক', N'1/1131/0000/0401', N'1', N'1', N'1', N'3', N'1', N'0', N'0', N'0', N'0', N'0', N'4', N'0', N'1', 1, CAST(N'2019-10-31T13:04:44.050' AS DateTime), NULL)
INSERT [dbo].[NbrEconomicCode] ([NbrEconomicCodeId], [NbrEconomicCodeTypeId], [EconomicTitle], [EconomicCode], [Code1stDisit], [Code2ndDisit], [Code3rdDisit], [Code4thDisit], [Code5thDisit], [Code6thDisit], [Code7thDisit], [Code8thDisit], [Code9thDisit], [Code10thDisit], [Code11thDisit], [Code12thDisit], [Code13thDisit], [IsActive], [EffectiveFrom], [EffectiveTo]) VALUES (30, 3, N'ভ্রমণ কর', N'1/1103/0000/0911', N'1', N'1', N'1', N'0', N'3', N'0', N'0', N'0', N'0', N'0', N'9', N'1', N'1', 1, CAST(N'2019-10-31T13:04:44.050' AS DateTime), NULL)
INSERT [dbo].[NbrEconomicCode] ([NbrEconomicCodeId], [NbrEconomicCodeTypeId], [EconomicTitle], [EconomicCode], [Code1stDisit], [Code2ndDisit], [Code3rdDisit], [Code4thDisit], [Code5thDisit], [Code6thDisit], [Code7thDisit], [Code8thDisit], [Code9thDisit], [Code10thDisit], [Code11thDisit], [Code12thDisit], [Code13thDisit], [IsActive], [EffectiveFrom], [EffectiveTo]) VALUES (31, 3, N'অগ্রিম আয়কর', N'1/1141/0000/0112', N'1', N'1', N'1', N'4', N'1', N'0', N'0', N'0', N'0', N'0', N'1', N'1', N'2', 1, CAST(N'2019-10-31T13:04:44.050' AS DateTime), NULL)
INSERT [dbo].[NbrEconomicCode] ([NbrEconomicCodeId], [NbrEconomicCodeTypeId], [EconomicTitle], [EconomicCode], [Code1stDisit], [Code2ndDisit], [Code3rdDisit], [Code4thDisit], [Code5thDisit], [Code6thDisit], [Code7thDisit], [Code8thDisit], [Code9thDisit], [Code10thDisit], [Code11thDisit], [Code12thDisit], [Code13thDisit], [IsActive], [EffectiveFrom], [EffectiveTo]) VALUES (32, 3, N'আয়কর-কোম্পানি ব্যতীত', N'11/1141/0000/0111', N'11', N'1', N'1', N'4', N'1', N'0', N'0', N'0', N'0', N'0', N'1', N'1', N'1', 1, CAST(N'2019-10-31T13:04:44.050' AS DateTime), NULL)
INSERT [dbo].[NbrEconomicCode] ([NbrEconomicCodeId], [NbrEconomicCodeTypeId], [EconomicTitle], [EconomicCode], [Code1stDisit], [Code2ndDisit], [Code3rdDisit], [Code4thDisit], [Code5thDisit], [Code6thDisit], [Code7thDisit], [Code8thDisit], [Code9thDisit], [Code10thDisit], [Code11thDisit], [Code12thDisit], [Code13thDisit], [IsActive], [EffectiveFrom], [EffectiveTo]) VALUES (33, 3, N'আয়কর-কোম্পানিসমূহ', N'1/1141/0000/0101', N'1', N'1', N'1', N'4', N'1', N'0', N'0', N'0', N'0', N'0', N'1', N'0', N'1', 1, CAST(N'2019-10-31T13:04:44.050' AS DateTime), NULL)
SET IDENTITY_INSERT [dbo].[Roles] ON 

INSERT [dbo].[Roles] ([RoleId], [RoleName], [OrganizationId], [RoleDefaultPageId], [IsActive], [CreatedBy], [CreatedTime]) VALUES (1, N'NBR USER', 0, NULL, 1, NULL, NULL)
INSERT [dbo].[Roles] ([RoleId], [RoleName], [OrganizationId], [RoleDefaultPageId], [IsActive], [CreatedBy], [CreatedTime]) VALUES (2, N'Company Admin', NULL, NULL, 1, NULL, NULL)
INSERT [dbo].[Roles] ([RoleId], [RoleName], [OrganizationId], [RoleDefaultPageId], [IsActive], [CreatedBy], [CreatedTime]) VALUES (3, N'Super Admin', -1, NULL, 1, 2, CAST(N'2019-09-18T14:11:13.443' AS DateTime))
INSERT [dbo].[Roles] ([RoleId], [RoleName], [OrganizationId], [RoleDefaultPageId], [IsActive], [CreatedBy], [CreatedTime]) VALUES (4, N'General User', -1, NULL, 1, 2, CAST(N'2019-09-18T14:29:57.747' AS DateTime))
INSERT [dbo].[Roles] ([RoleId], [RoleName], [OrganizationId], [RoleDefaultPageId], [IsActive], [CreatedBy], [CreatedTime]) VALUES (5, N'Entry Office', 5, NULL, 1, 7, CAST(N'2019-11-07T15:16:26.597' AS DateTime))
INSERT [dbo].[Roles] ([RoleId], [RoleName], [OrganizationId], [RoleDefaultPageId], [IsActive], [CreatedBy], [CreatedTime]) VALUES (6, N'Manager', 5, NULL, 1, 7, NULL)
INSERT [dbo].[Roles] ([RoleId], [RoleName], [OrganizationId], [RoleDefaultPageId], [IsActive], [CreatedBy], [CreatedTime]) VALUES (7, N'Vat Personal', 5, NULL, 1, 7, CAST(N'2019-11-07T15:29:55.570' AS DateTime))
INSERT [dbo].[Roles] ([RoleId], [RoleName], [OrganizationId], [RoleDefaultPageId], [IsActive], [CreatedBy], [CreatedTime]) VALUES (8, N'Entry Officer', 6, NULL, 1, 7, CAST(N'2019-09-18T15:01:36.713' AS DateTime))
INSERT [dbo].[Roles] ([RoleId], [RoleName], [OrganizationId], [RoleDefaultPageId], [IsActive], [CreatedBy], [CreatedTime]) VALUES (9, N'Manager', 6, NULL, 1, 7, NULL)
INSERT [dbo].[Roles] ([RoleId], [RoleName], [OrganizationId], [RoleDefaultPageId], [IsActive], [CreatedBy], [CreatedTime]) VALUES (10, N'Vat Personal', 6, NULL, 1, 7, CAST(N'2019-09-18T15:02:44.197' AS DateTime))
INSERT [dbo].[Roles] ([RoleId], [RoleName], [OrganizationId], [RoleDefaultPageId], [IsActive], [CreatedBy], [CreatedTime]) VALUES (11, N'Entry Officer', 7, NULL, 1, 7, CAST(N'2019-09-18T15:01:36.713' AS DateTime))
INSERT [dbo].[Roles] ([RoleId], [RoleName], [OrganizationId], [RoleDefaultPageId], [IsActive], [CreatedBy], [CreatedTime]) VALUES (12, N'Manager', 7, NULL, 1, 7, NULL)
INSERT [dbo].[Roles] ([RoleId], [RoleName], [OrganizationId], [RoleDefaultPageId], [IsActive], [CreatedBy], [CreatedTime]) VALUES (13, N'Vat Personal', 7, NULL, 1, 7, CAST(N'2019-09-18T15:02:44.197' AS DateTime))
INSERT [dbo].[Roles] ([RoleId], [RoleName], [OrganizationId], [RoleDefaultPageId], [IsActive], [CreatedBy], [CreatedTime]) VALUES (14, N'test', 5, NULL, 1, 7, CAST(N'2019-11-27T17:49:03.450' AS DateTime))
INSERT [dbo].[Roles] ([RoleId], [RoleName], [OrganizationId], [RoleDefaultPageId], [IsActive], [CreatedBy], [CreatedTime]) VALUES (15, N'test2', 5, NULL, 1, 7, CAST(N'2019-11-27T17:49:51.963' AS DateTime))
INSERT [dbo].[Roles] ([RoleId], [RoleName], [OrganizationId], [RoleDefaultPageId], [IsActive], [CreatedBy], [CreatedTime]) VALUES (16, N'test', 5, NULL, 1, 7, CAST(N'2019-11-28T14:25:52.517' AS DateTime))
SET IDENTITY_INSERT [dbo].[Roles] OFF
SET IDENTITY_INSERT [dbo].[UserTypes] ON 

INSERT [dbo].[UserTypes] ([UserTypeId], [UserTypeName], [IsActive], [EffectiveFrom], [EffectiveTo], [CreatedBy], [CreatedTime]) VALUES (1, N'Company', 1, CAST(N'2019-09-16T00:00:00.000' AS DateTime), NULL, NULL, NULL)
INSERT [dbo].[UserTypes] ([UserTypeId], [UserTypeName], [IsActive], [EffectiveFrom], [EffectiveTo], [CreatedBy], [CreatedTime]) VALUES (2, N'NBR', 1, CAST(N'2019-09-16T00:00:00.000' AS DateTime), NULL, NULL, NULL)
INSERT [dbo].[UserTypes] ([UserTypeId], [UserTypeName], [IsActive], [EffectiveFrom], [EffectiveTo], [CreatedBy], [CreatedTime]) VALUES (3, N'Master', 1, CAST(N'2019-09-16T00:00:00.000' AS DateTime), NULL, NULL, NULL)
SET IDENTITY_INSERT [dbo].[UserTypes] OFF
SET IDENTITY_INSERT [dbo].[Users] ON 

INSERT [dbo].[Users] ([UserId], [FullName], [UserName], [EmailAddress], [Password], [UserTypeId], [RoleId], [OrganizationId], [Mobile], [IsActive], [LastLoginTime], [IsDefaultPassword], [IsCompanyRepresentative], [CreatedBy], [CreatedTime]) VALUES (1, N'NBR_ADMIN', N'NBR', N'nbr@bd.com', N'dq+YNuNesVRYSlGsF8xMfQ==', 2, 1, 0, N'01722233394', 1, NULL, 0, 0, NULL, NULL)
INSERT [dbo].[Users] ([UserId], [FullName], [UserName], [EmailAddress], [Password], [UserTypeId], [RoleId], [OrganizationId], [Mobile], [IsActive], [LastLoginTime], [IsDefaultPassword], [IsCompanyRepresentative], [CreatedBy], [CreatedTime]) VALUES (2, N'Master Admin', N'Madmin', N'info@bit.com', N'dq+YNuNesVRYSlGsF8xMfQ==', 3, 3, -1, N'01711111117', 1, NULL, 0, 0, NULL, NULL)
INSERT [dbo].[Users] ([UserId], [FullName], [UserName], [EmailAddress], [Password], [UserTypeId], [RoleId], [OrganizationId], [Mobile], [IsActive], [LastLoginTime], [IsDefaultPassword], [IsCompanyRepresentative], [CreatedBy], [CreatedTime]) VALUES (7, N'Ayesha Abed Foundation', N'AAF', N'aaf@gmail.com', N'A5lS25JxlxxbPSLGa0r7o+bq9mK6o2HTKTqPpHWGY7Q=', 2, 2, 5, N'01785496588', 1, NULL, 0, 1, 2, CAST(N'2019-09-16T18:28:34.103' AS DateTime))
INSERT [dbo].[Users] ([UserId], [FullName], [UserName], [EmailAddress], [Password], [UserTypeId], [RoleId], [OrganizationId], [Mobile], [IsActive], [LastLoginTime], [IsDefaultPassword], [IsCompanyRepresentative], [CreatedBy], [CreatedTime]) VALUES (8, N'Arong', N'Arong', N'arong@gmail.com', N'dq+YNuNesVRYSlGsF8xMfQ==', 1, 2, 6, N'01811111111', 1, NULL, 0, 1, 2, CAST(N'2019-09-16T18:34:27.290' AS DateTime))
INSERT [dbo].[Users] ([UserId], [FullName], [UserName], [EmailAddress], [Password], [UserTypeId], [RoleId], [OrganizationId], [Mobile], [IsActive], [LastLoginTime], [IsDefaultPassword], [IsCompanyRepresentative], [CreatedBy], [CreatedTime]) VALUES (9, N'Arong Dairy', N'ArongDairy', N'arongDairy@gmail.com', N'dq+YNuNesVRYSlGsF8xMfQ==', 2, 2, 7, N'01611111111', 1, NULL, 0, 1, 2, CAST(N'2019-09-16T18:36:06.123' AS DateTime))
INSERT [dbo].[Users] ([UserId], [FullName], [UserName], [EmailAddress], [Password], [UserTypeId], [RoleId], [OrganizationId], [Mobile], [IsActive], [LastLoginTime], [IsDefaultPassword], [IsCompanyRepresentative], [CreatedBy], [CreatedTime]) VALUES (10, N'Md Osmani', N'Osmani12', N'osmani12@gmail.com', N'dq+YNuNesVRYSlGsF8xMfQ==', 1, 4, -1, N'01911293878', 1, NULL, 0, 0, 2, CAST(N'2019-09-18T14:28:53.440' AS DateTime))
INSERT [dbo].[Users] ([UserId], [FullName], [UserName], [EmailAddress], [Password], [UserTypeId], [RoleId], [OrganizationId], [Mobile], [IsActive], [LastLoginTime], [IsDefaultPassword], [IsCompanyRepresentative], [CreatedBy], [CreatedTime]) VALUES (11, N'Samnon Mohebbo', N'Mohebbo23', N'mohebbo23@gmail.com', N'dq+YNuNesVRYSlGsF8xMfQ==', 3, 6, 5, N'01911293879', 1, NULL, 0, 1, 7, CAST(N'2019-09-18T15:09:04.617' AS DateTime))
INSERT [dbo].[Users] ([UserId], [FullName], [UserName], [EmailAddress], [Password], [UserTypeId], [RoleId], [OrganizationId], [Mobile], [IsActive], [LastLoginTime], [IsDefaultPassword], [IsCompanyRepresentative], [CreatedBy], [CreatedTime]) VALUES (12, N'Sabbir Reza', N'Reza34', N'reza34@gmail.com', N'dq+YNuNesVRYSlGsF8xMfQ==', 1, 5, 5, N'01911293550', 0, NULL, 0, 0, 7, CAST(N'2019-09-18T15:10:00.887' AS DateTime))
INSERT [dbo].[Users] ([UserId], [FullName], [UserName], [EmailAddress], [Password], [UserTypeId], [RoleId], [OrganizationId], [Mobile], [IsActive], [LastLoginTime], [IsDefaultPassword], [IsCompanyRepresentative], [CreatedBy], [CreatedTime]) VALUES (13, N'Md.Mustafizur Rahman', N'Mustafizur46', N'mustafizur45@gmail.com', N'dq+YNuNesVRYSlGsF8xMfQ==', 1, 7, 5, N'01911293878', 0, NULL, 0, 0, 7, CAST(N'2019-09-18T15:10:31.940' AS DateTime))
INSERT [dbo].[Users] ([UserId], [FullName], [UserName], [EmailAddress], [Password], [UserTypeId], [RoleId], [OrganizationId], [Mobile], [IsActive], [LastLoginTime], [IsDefaultPassword], [IsCompanyRepresentative], [CreatedBy], [CreatedTime]) VALUES (14, N'Md. Aktarujjaman', N'Aktarujjaman01', N'aktarujjaman01@gmail.com', N'dq+YNuNesVRYSlGsF8xMfQ==', 1, 2, 6, N'01911293879', 1, NULL, 0, 0, 7, CAST(N'2019-09-18T15:09:04.617' AS DateTime))
INSERT [dbo].[Users] ([UserId], [FullName], [UserName], [EmailAddress], [Password], [UserTypeId], [RoleId], [OrganizationId], [Mobile], [IsActive], [LastLoginTime], [IsDefaultPassword], [IsCompanyRepresentative], [CreatedBy], [CreatedTime]) VALUES (15, N'Fatema Tuj Jahra	', N'Fatema56', N'fatema56@gmail.com', N'dq+YNuNesVRYSlGsF8xMfQ==', 1, 5, 6, N'01911293878', 1, NULL, 0, 0, 7, CAST(N'2019-09-18T15:10:00.887' AS DateTime))
INSERT [dbo].[Users] ([UserId], [FullName], [UserName], [EmailAddress], [Password], [UserTypeId], [RoleId], [OrganizationId], [Mobile], [IsActive], [LastLoginTime], [IsDefaultPassword], [IsCompanyRepresentative], [CreatedBy], [CreatedTime]) VALUES (16, N'Sudipta Saha	', N'Sudipta67', N'sudipta67@gmail.com', N'dq+YNuNesVRYSlGsF8xMfQ==', 1, 7, 6, N'01911293878', 1, NULL, 0, 0, 7, CAST(N'2019-09-18T15:10:31.940' AS DateTime))
INSERT [dbo].[Users] ([UserId], [FullName], [UserName], [EmailAddress], [Password], [UserTypeId], [RoleId], [OrganizationId], [Mobile], [IsActive], [LastLoginTime], [IsDefaultPassword], [IsCompanyRepresentative], [CreatedBy], [CreatedTime]) VALUES (17, N'Nur-A Nusrat	', N'Nusrat78', N'nusrat78@gmail.com', N'dq+YNuNesVRYSlGsF8xMfQ==', 3, 6, 7, N'01911293878', 1, NULL, 0, 0, 7, CAST(N'2019-09-18T15:09:04.617' AS DateTime))
INSERT [dbo].[Users] ([UserId], [FullName], [UserName], [EmailAddress], [Password], [UserTypeId], [RoleId], [OrganizationId], [Mobile], [IsActive], [LastLoginTime], [IsDefaultPassword], [IsCompanyRepresentative], [CreatedBy], [CreatedTime]) VALUES (18, N'Monir Hossain Bhuiyan	', N'Monir89', N'monir89@gmail.com', N'dq+YNuNesVRYSlGsF8xMfQ==', 1, 5, 7, N'01911293878', 1, NULL, 0, 0, 7, CAST(N'2019-09-18T15:10:00.887' AS DateTime))
INSERT [dbo].[Users] ([UserId], [FullName], [UserName], [EmailAddress], [Password], [UserTypeId], [RoleId], [OrganizationId], [Mobile], [IsActive], [LastLoginTime], [IsDefaultPassword], [IsCompanyRepresentative], [CreatedBy], [CreatedTime]) VALUES (19, N'A.K.Md. Sazzad Hossain	', N' Sazzad10', N' sazzad10@gmail.com', N'dq+YNuNesVRYSlGsF8xMfQ==', 1, 7, 7, N'01911293878', 1, NULL, 0, 0, 7, CAST(N'2019-09-18T15:10:31.940' AS DateTime))
INSERT [dbo].[Users] ([UserId], [FullName], [UserName], [EmailAddress], [Password], [UserTypeId], [RoleId], [OrganizationId], [Mobile], [IsActive], [LastLoginTime], [IsDefaultPassword], [IsCompanyRepresentative], [CreatedBy], [CreatedTime]) VALUES (20, N'Brac', N'Brac', N'brac@gmail.com', N'dq+YNuNesVRYSlGsF8xMfQ==', 1, 2, 4, N'01777777777', 1, NULL, 1, 0, 7, CAST(N'2019-10-13T12:01:51.310' AS DateTime))
INSERT [dbo].[Users] ([UserId], [FullName], [UserName], [EmailAddress], [Password], [UserTypeId], [RoleId], [OrganizationId], [Mobile], [IsActive], [LastLoginTime], [IsDefaultPassword], [IsCompanyRepresentative], [CreatedBy], [CreatedTime]) VALUES (22, N'Shahrin Khan', N'1645', N'moukh@gmail.com', N'dq+YNuNesVRYSlGsF8xMfQ==', 2, 2, 12, N'01700000000', 1, NULL, 0, 1, 8, CAST(N'2019-11-05T15:42:51.827' AS DateTime))
INSERT [dbo].[Users] ([UserId], [FullName], [UserName], [EmailAddress], [Password], [UserTypeId], [RoleId], [OrganizationId], [Mobile], [IsActive], [LastLoginTime], [IsDefaultPassword], [IsCompanyRepresentative], [CreatedBy], [CreatedTime]) VALUES (23, N'Shahrin Khan', N'Shahrin', N'keya.shahrin@gmail.com', N'ok8mPlhcjKU0CEcmO8HnAL20CSy8Fog7USd+E/K8smE=', 1, 5, 5, N'01757719262', 1, NULL, 0, 0, 7, CAST(N'2019-11-27T16:36:31.320' AS DateTime))
INSERT [dbo].[Users] ([UserId], [FullName], [UserName], [EmailAddress], [Password], [UserTypeId], [RoleId], [OrganizationId], [Mobile], [IsActive], [LastLoginTime], [IsDefaultPassword], [IsCompanyRepresentative], [CreatedBy], [CreatedTime]) VALUES (24, N'Test34', N'154211', N'rafat@mail.com', N'xyBBuiNoqXUIsQwLFES3/DY6Ek71kMAIFS9op3Bf+bg=', 1, 2, 5, N'01723452344', 1, NULL, 1, 0, 7, CAST(N'2019-11-27T17:01:39.190' AS DateTime))
INSERT [dbo].[Users] ([UserId], [FullName], [UserName], [EmailAddress], [Password], [UserTypeId], [RoleId], [OrganizationId], [Mobile], [IsActive], [LastLoginTime], [IsDefaultPassword], [IsCompanyRepresentative], [CreatedBy], [CreatedTime]) VALUES (31, N'testoy', N'testoy12', N'testoy@gmail.com', N'xyBBuiNoqXUIsQwLFES3/DY6Ek71kMAIFS9op3Bf+bg=', 1, 2, 5, N'01785496588', 1, NULL, 1, 0, 7, CAST(N'2019-11-27T17:11:24.110' AS DateTime))
INSERT [dbo].[Users] ([UserId], [FullName], [UserName], [EmailAddress], [Password], [UserTypeId], [RoleId], [OrganizationId], [Mobile], [IsActive], [LastLoginTime], [IsDefaultPassword], [IsCompanyRepresentative], [CreatedBy], [CreatedTime]) VALUES (32, N'testtt', N'testtt3434', N'testtt@gmail.com', N'xyBBuiNoqXUIsQwLFES3/DY6Ek71kMAIFS9op3Bf+bg=', 1, 2, 5, N'01785496588', 0, NULL, 1, 0, 7, CAST(N'2019-11-27T17:12:18.683' AS DateTime))
INSERT [dbo].[Users] ([UserId], [FullName], [UserName], [EmailAddress], [Password], [UserTypeId], [RoleId], [OrganizationId], [Mobile], [IsActive], [LastLoginTime], [IsDefaultPassword], [IsCompanyRepresentative], [CreatedBy], [CreatedTime]) VALUES (38, N'Nizam Rahman', N'Nizam', N'nizam@gmail.com', N'xyBBuiNoqXUIsQwLFES3/DY6Ek71kMAIFS9op3Bf+bg=', 1, 6, 5, N'01917482611', 1, NULL, 1, 0, 7, CAST(N'2019-11-30T11:01:16.480' AS DateTime))
INSERT [dbo].[Users] ([UserId], [FullName], [UserName], [EmailAddress], [Password], [UserTypeId], [RoleId], [OrganizationId], [Mobile], [IsActive], [LastLoginTime], [IsDefaultPassword], [IsCompanyRepresentative], [CreatedBy], [CreatedTime]) VALUES (39, N'Rahim Khan', N'Rahim', N'rahim@gmail.com', N'sN3F95hYnGO9P8mrPwt4xaJOQhqzcKKZKxsQBOR+Mfk=', 1, 7, 5, N'01917482611', 1, NULL, 0, 0, 7, CAST(N'2019-11-30T11:53:16.110' AS DateTime))
INSERT [dbo].[Users] ([UserId], [FullName], [UserName], [EmailAddress], [Password], [UserTypeId], [RoleId], [OrganizationId], [Mobile], [IsActive], [LastLoginTime], [IsDefaultPassword], [IsCompanyRepresentative], [CreatedBy], [CreatedTime]) VALUES (40, NULL, N'Reza', N'orgc@gmail.com', N'xyBBuiNoqXUIsQwLFES3/DY6Ek71kMAIFS9op3Bf+bg=', 2, 2, 17, N'01745684567', 1, NULL, 1, 1, 7, CAST(N'2019-11-30T12:15:09.007' AS DateTime))
INSERT [dbo].[Users] ([UserId], [FullName], [UserName], [EmailAddress], [Password], [UserTypeId], [RoleId], [OrganizationId], [Mobile], [IsActive], [LastLoginTime], [IsDefaultPassword], [IsCompanyRepresentative], [CreatedBy], [CreatedTime]) VALUES (42, NULL, N'Amin', N'amin@gmail.com', N'xyBBuiNoqXUIsQwLFES3/DY6Ek71kMAIFS9op3Bf+bg=', 2, 2, 19, N'01684566321', 1, NULL, 1, 1, 7, CAST(N'2019-11-30T12:24:16.770' AS DateTime))
SET IDENTITY_INSERT [dbo].[Users] OFF
SET IDENTITY_INSERT [dbo].[Vendor] ON 

INSERT [dbo].[Vendor] ([VendorId], [OrganizationId], [VendorOrganizationId], [Name], [BinNo], [NationalIdNo], [Address], [ContactNo], [CreatedBy], [CreatedTime], [IsRegisteredAsTurnOverOrg], [IsRegistered]) VALUES (1, 5, NULL, N'A K Khan & Company', N'1278934', NULL, N'Chittagong,Bangladesh', N'01933568542', 7, CAST(N'2019-09-17T11:20:35.950' AS DateTime), 1, 1)
INSERT [dbo].[Vendor] ([VendorId], [OrganizationId], [VendorOrganizationId], [Name], [BinNo], [NationalIdNo], [Address], [ContactNo], [CreatedBy], [CreatedTime], [IsRegisteredAsTurnOverOrg], [IsRegistered]) VALUES (2, 5, NULL, N'Aarong ', N'457896', NULL, N'Gulshan 1,Dhaka,Bangladesh', N'01811111111', 7, CAST(N'2019-09-17T11:21:02.427' AS DateTime), 1, 1)
INSERT [dbo].[Vendor] ([VendorId], [OrganizationId], [VendorOrganizationId], [Name], [BinNo], [NationalIdNo], [Address], [ContactNo], [CreatedBy], [CreatedTime], [IsRegisteredAsTurnOverOrg], [IsRegistered]) VALUES (3, 5, NULL, N'Beximco', N'789789', NULL, N'Dhaka,Bangladesh', N'01711111111', 7, CAST(N'2019-09-17T11:21:27.163' AS DateTime), 1, 1)
INSERT [dbo].[Vendor] ([VendorId], [OrganizationId], [VendorOrganizationId], [Name], [BinNo], [NationalIdNo], [Address], [ContactNo], [CreatedBy], [CreatedTime], [IsRegisteredAsTurnOverOrg], [IsRegistered]) VALUES (4, 6, NULL, N'Aisha Abed Foundation', N'456411', NULL, N'Mohakhali,Dhaka,Bangladesh', N'01911111111', 8, CAST(N'2019-09-17T12:17:29.953' AS DateTime), 1, 1)
INSERT [dbo].[Vendor] ([VendorId], [OrganizationId], [VendorOrganizationId], [Name], [BinNo], [NationalIdNo], [Address], [ContactNo], [CreatedBy], [CreatedTime], [IsRegisteredAsTurnOverOrg], [IsRegistered]) VALUES (5, 6, NULL, N'Alif Group', N'4165431', NULL, N'Mohakhali,Dhaka,Bangladesh', N'01811111111', 8, CAST(N'2019-09-17T12:18:30.790' AS DateTime), 1, 1)
INSERT [dbo].[Vendor] ([VendorId], [OrganizationId], [VendorOrganizationId], [Name], [BinNo], [NationalIdNo], [Address], [ContactNo], [CreatedBy], [CreatedTime], [IsRegisteredAsTurnOverOrg], [IsRegistered]) VALUES (6, 6, NULL, N'Salim Limited', N'4645412', NULL, N'Mohakhali,Dhaka,Bangladesh', N'01711111111', 8, CAST(N'2019-09-17T12:18:55.563' AS DateTime), 1, 1)
INSERT [dbo].[Vendor] ([VendorId], [OrganizationId], [VendorOrganizationId], [Name], [BinNo], [NationalIdNo], [Address], [ContactNo], [CreatedBy], [CreatedTime], [IsRegisteredAsTurnOverOrg], [IsRegistered]) VALUES (7, 7, NULL, N'Lokal Vendor Khulna', N'1115121', NULL, N'Mohakhali,Dhaka,Bangladesh', N'01911111111', 9, CAST(N'2019-09-17T12:28:53.170' AS DateTime), 1, 1)
INSERT [dbo].[Vendor] ([VendorId], [OrganizationId], [VendorOrganizationId], [Name], [BinNo], [NationalIdNo], [Address], [ContactNo], [CreatedBy], [CreatedTime], [IsRegisteredAsTurnOverOrg], [IsRegistered]) VALUES (8, 7, NULL, N'Local Vendor Rajshahi', N'441122', NULL, N'Mohakhali,Dhaka,Bangladesh', N'01911111111', 9, CAST(N'2019-09-17T12:29:19.983' AS DateTime), 1, 1)
INSERT [dbo].[Vendor] ([VendorId], [OrganizationId], [VendorOrganizationId], [Name], [BinNo], [NationalIdNo], [Address], [ContactNo], [CreatedBy], [CreatedTime], [IsRegisteredAsTurnOverOrg], [IsRegistered]) VALUES (9, 7, NULL, N'Local Vendor Shylet', N'122213', NULL, N'Mohakhali,Dhaka,Bangladesh', N'01311111111', 9, CAST(N'2019-09-17T12:29:44.233' AS DateTime), 1, 1)
INSERT [dbo].[Vendor] ([VendorId], [OrganizationId], [VendorOrganizationId], [Name], [BinNo], [NationalIdNo], [Address], [ContactNo], [CreatedBy], [CreatedTime], [IsRegisteredAsTurnOverOrg], [IsRegistered]) VALUES (10, 5, NULL, N'PRAN-RFL Group', N'544542', NULL, N'Dhaka,Bangladesh', N'0199999999', 11, CAST(N'2019-09-19T16:06:46.953' AS DateTime), 1, 1)
INSERT [dbo].[Vendor] ([VendorId], [OrganizationId], [VendorOrganizationId], [Name], [BinNo], [NationalIdNo], [Address], [ContactNo], [CreatedBy], [CreatedTime], [IsRegisteredAsTurnOverOrg], [IsRegistered]) VALUES (11, 5, NULL, N'Rahimafrooz', N'223444', NULL, N'Chittagong,Bangladesh', N'01565859528', 7, CAST(N'2019-11-05T16:07:11.217' AS DateTime), 1, 1)
SET IDENTITY_INSERT [dbo].[Vendor] OFF
SET IDENTITY_INSERT [dbo].[DocumentType] ON 

INSERT [dbo].[DocumentType] ([DocumentTypeId], [OrganizationId], [Name], [IsActive], [CreatedBy], [CreatedTime]) VALUES (1, 6, N'Invoice', 1, 8, CAST(N'2019-10-29T18:55:31.223' AS DateTime))
INSERT [dbo].[DocumentType] ([DocumentTypeId], [OrganizationId], [Name], [IsActive], [CreatedBy], [CreatedTime]) VALUES (3, 6, N'Voucher', 1, 8, CAST(N'2019-10-29T18:55:31.223' AS DateTime))
INSERT [dbo].[DocumentType] ([DocumentTypeId], [OrganizationId], [Name], [IsActive], [CreatedBy], [CreatedTime]) VALUES (4, 6, N'Cheque', 1, 8, CAST(N'2019-10-29T18:55:31.223' AS DateTime))
INSERT [dbo].[DocumentType] ([DocumentTypeId], [OrganizationId], [Name], [IsActive], [CreatedBy], [CreatedTime]) VALUES (5, 6, N'Vat Challan', 1, 8, CAST(N'2019-10-29T18:55:31.223' AS DateTime))
INSERT [dbo].[DocumentType] ([DocumentTypeId], [OrganizationId], [Name], [IsActive], [CreatedBy], [CreatedTime]) VALUES (6, 5, N'Invoice', 1, 8, CAST(N'2019-10-29T18:55:31.223' AS DateTime))
INSERT [dbo].[DocumentType] ([DocumentTypeId], [OrganizationId], [Name], [IsActive], [CreatedBy], [CreatedTime]) VALUES (7, 5, N'Voucher', 1, 8, CAST(N'2019-10-29T18:55:31.223' AS DateTime))
INSERT [dbo].[DocumentType] ([DocumentTypeId], [OrganizationId], [Name], [IsActive], [CreatedBy], [CreatedTime]) VALUES (8, 5, N'Cheque', 1, 8, CAST(N'2019-10-29T18:55:31.223' AS DateTime))
INSERT [dbo].[DocumentType] ([DocumentTypeId], [OrganizationId], [Name], [IsActive], [CreatedBy], [CreatedTime]) VALUES (9, 5, N'Vat Challan', 1, 8, CAST(N'2019-10-29T18:55:31.223' AS DateTime))
SET IDENTITY_INSERT [dbo].[DocumentType] OFF
SET IDENTITY_INSERT [dbo].[DamageType] ON 

INSERT [dbo].[DamageType] ([DamageTypeId], [OrganizationId], [Name], [IsActive], [CreatedBy], [CreatedTime]) VALUES (1, 5, N'Lost', 1, 7, CAST(N'2019-11-05T11:55:26.247' AS DateTime))
INSERT [dbo].[DamageType] ([DamageTypeId], [OrganizationId], [Name], [IsActive], [CreatedBy], [CreatedTime]) VALUES (1002, 5, N'Accident', 1, 7, NULL)
SET IDENTITY_INSERT [dbo].[DamageType] OFF
SET IDENTITY_INSERT [dbo].[Customer] ON 

INSERT [dbo].[Customer] ([CustomerId], [OrganizationId], [CustomerOrganizationId], [Name], [BIN], [NIDNo], [CountryId], [Address], [PhoneNo], [EmailAddress], [IsActive], [CreatedBy], [CreatedTime]) VALUES (1, 5, NULL, N'Arong', N'123457', NULL, NULL, N'Gulshan,Dhaka,Bangladesh', N'01711111122', N'custa1@gmail.com', 0, 1, CAST(N'2019-09-17T11:17:50.847' AS DateTime))
INSERT [dbo].[Customer] ([CustomerId], [OrganizationId], [CustomerOrganizationId], [Name], [BIN], [NIDNo], [CountryId], [Address], [PhoneNo], [EmailAddress], [IsActive], [CreatedBy], [CreatedTime]) VALUES (2, 5, NULL, N'BRAC', N'456624', NULL, NULL, N'Mohakhali,Dhaka,Bangladesh', N'01811111111', N'custa2@gmail.com', 1, 1, CAST(N'2019-09-17T11:18:38.710' AS DateTime))
INSERT [dbo].[Customer] ([CustomerId], [OrganizationId], [CustomerOrganizationId], [Name], [BIN], [NIDNo], [CountryId], [Address], [PhoneNo], [EmailAddress], [IsActive], [CreatedBy], [CreatedTime]) VALUES (3, 5, NULL, N'bkash', N'789957', NULL, NULL, N'Mohakhali,Dhaka,Bangladesh', N'01911111122', N'custa3@gmail.com', 1, 1, CAST(N'2019-09-17T11:19:30.550' AS DateTime))
INSERT [dbo].[Customer] ([CustomerId], [OrganizationId], [CustomerOrganizationId], [Name], [BIN], [NIDNo], [CountryId], [Address], [PhoneNo], [EmailAddress], [IsActive], [CreatedBy], [CreatedTime]) VALUES (4, 6, NULL, N'Celim Group', N'468464', NULL, NULL, N'Mohakhali,Dhaka,Bangladesh', N'01711111111', N'Celim@gmail.com', 1, 1, CAST(N'2019-09-17T12:14:59.187' AS DateTime))
INSERT [dbo].[Customer] ([CustomerId], [OrganizationId], [CustomerOrganizationId], [Name], [BIN], [NIDNo], [CountryId], [Address], [PhoneNo], [EmailAddress], [IsActive], [CreatedBy], [CreatedTime]) VALUES (5, 6, NULL, N'Rohim Group', N'646554', NULL, NULL, N'Mohakhali,Dhaka,Bangladesh', N'01811111111', N'Rohim@gmail.com', 1, 1, CAST(N'2019-09-17T12:15:28.920' AS DateTime))
INSERT [dbo].[Customer] ([CustomerId], [OrganizationId], [CustomerOrganizationId], [Name], [BIN], [NIDNo], [CountryId], [Address], [PhoneNo], [EmailAddress], [IsActive], [CreatedBy], [CreatedTime]) VALUES (6, 6, NULL, N'Moukh LMT', N'463455', NULL, NULL, N'Mohakhali,Dhaka,Bangladesh', N'01911111111', N'Moukh@gmail.com', 1, 1, CAST(N'2019-09-17T12:16:57.603' AS DateTime))
INSERT [dbo].[Customer] ([CustomerId], [OrganizationId], [CustomerOrganizationId], [Name], [BIN], [NIDNo], [CountryId], [Address], [PhoneNo], [EmailAddress], [IsActive], [CreatedBy], [CreatedTime]) VALUES (7, 7, NULL, N'bits', N'546555', NULL, NULL, N'Mohakhali,Dhaka,Bangladesh', N'01811111111', N'custc1@gmail.com', 1, 1, CAST(N'2019-09-17T12:30:23.557' AS DateTime))
INSERT [dbo].[Customer] ([CustomerId], [OrganizationId], [CustomerOrganizationId], [Name], [BIN], [NIDNo], [CountryId], [Address], [PhoneNo], [EmailAddress], [IsActive], [CreatedBy], [CreatedTime]) VALUES (8, 7, NULL, N'BRAC', N'123455', NULL, NULL, N'Mohakhali,Dhaka,Bangladesh', N'01815545555', N'custc2@gmail.com', 1, 1, CAST(N'2019-09-17T12:31:03.960' AS DateTime))
INSERT [dbo].[Customer] ([CustomerId], [OrganizationId], [CustomerOrganizationId], [Name], [BIN], [NIDNo], [CountryId], [Address], [PhoneNo], [EmailAddress], [IsActive], [CreatedBy], [CreatedTime]) VALUES (9, 7, NULL, N'BRAC BANK', N'532422', NULL, NULL, N'Mohakhali,Dhaka,Bangladesh', N'01822222222', N'custc3@gmail.com', 1, 1, CAST(N'2019-09-17T12:31:51.610' AS DateTime))
INSERT [dbo].[Customer] ([CustomerId], [OrganizationId], [CustomerOrganizationId], [Name], [BIN], [NIDNo], [CountryId], [Address], [PhoneNo], [EmailAddress], [IsActive], [CreatedBy], [CreatedTime]) VALUES (10, 5, NULL, N'test', N'234234', NULL, NULL, N'123123', N'01823456789', N'test@gmail.com', 1, 1, CAST(N'2019-11-27T15:03:23.560' AS DateTime))
INSERT [dbo].[Customer] ([CustomerId], [OrganizationId], [CustomerOrganizationId], [Name], [BIN], [NIDNo], [CountryId], [Address], [PhoneNo], [EmailAddress], [IsActive], [CreatedBy], [CreatedTime]) VALUES (11, 5, NULL, N'test2', N'123123', NULL, NULL, N'Uttara', N'01990897000', N'test@gmail.com', 1, 1, CAST(N'2019-11-27T15:07:43.037' AS DateTime))
INSERT [dbo].[Customer] ([CustomerId], [OrganizationId], [CustomerOrganizationId], [Name], [BIN], [NIDNo], [CountryId], [Address], [PhoneNo], [EmailAddress], [IsActive], [CreatedBy], [CreatedTime]) VALUES (12, 5, NULL, N'test3', N'123123', NULL, NULL, N'Uttara', N'01990897090', N'test@gmail.com', 1, 1, CAST(N'2019-11-27T15:15:02.140' AS DateTime))
INSERT [dbo].[Customer] ([CustomerId], [OrganizationId], [CustomerOrganizationId], [Name], [BIN], [NIDNo], [CountryId], [Address], [PhoneNo], [EmailAddress], [IsActive], [CreatedBy], [CreatedTime]) VALUES (13, 5, NULL, N'test', N'8956', NULL, NULL, N'115, Block B, Uttara', N'01823456789', N'rafat@mail.com', 1, 1, CAST(N'2019-11-27T15:30:20.253' AS DateTime))
INSERT [dbo].[Customer] ([CustomerId], [OrganizationId], [CustomerOrganizationId], [Name], [BIN], [NIDNo], [CountryId], [Address], [PhoneNo], [EmailAddress], [IsActive], [CreatedBy], [CreatedTime]) VALUES (14, 5, NULL, N'test55', N'5679', NULL, NULL, N'Uttara', N'01990897090', N'test@gmail.com', 1, 1, CAST(N'2019-11-27T15:38:27.337' AS DateTime))
INSERT [dbo].[Customer] ([CustomerId], [OrganizationId], [CustomerOrganizationId], [Name], [BIN], [NIDNo], [CountryId], [Address], [PhoneNo], [EmailAddress], [IsActive], [CreatedBy], [CreatedTime]) VALUES (15, 5, NULL, N'test', N'8956', NULL, NULL, N'Uttara', N'01990897099', N'test@gmail.com', 1, 1, CAST(N'2019-11-27T15:41:15.653' AS DateTime))
INSERT [dbo].[Customer] ([CustomerId], [OrganizationId], [CustomerOrganizationId], [Name], [BIN], [NIDNo], [CountryId], [Address], [PhoneNo], [EmailAddress], [IsActive], [CreatedBy], [CreatedTime]) VALUES (16, 5, NULL, N'test33', N'8956', NULL, NULL, N'Uttara', N'01990897000', N'test@mail.com', 0, 1, CAST(N'2019-11-27T15:47:01.373' AS DateTime))
INSERT [dbo].[Customer] ([CustomerId], [OrganizationId], [CustomerOrganizationId], [Name], [BIN], [NIDNo], [CountryId], [Address], [PhoneNo], [EmailAddress], [IsActive], [CreatedBy], [CreatedTime]) VALUES (17, 5, NULL, N'newtest', N'8956', NULL, NULL, N'115, Block B, Uttara', N'01823456789', N'rafat@mail.com', 0, 1, CAST(N'2019-11-27T19:04:03.273' AS DateTime))
SET IDENTITY_INSERT [dbo].[Customer] OFF
SET IDENTITY_INSERT [dbo].[Rights] ON 

INSERT [dbo].[Rights] ([RightId], [RightName], [Description], [IsActive], [CreatedBy], [CreatedTime]) VALUES (1, N'DASHBOARD', N'DASHBOARD', 1, NULL, NULL)
INSERT [dbo].[Rights] ([RightId], [RightName], [Description], [IsActive], [CreatedBy], [CreatedTime]) VALUES (2, N'ADMINSTRATION', N'ADMINSTRATION', 1, NULL, NULL)
INSERT [dbo].[Rights] ([RightId], [RightName], [Description], [IsActive], [CreatedBy], [CreatedTime]) VALUES (3, N'ADMINSTRATION_COMPANY_BASIC_INFO', N'ADMINSTRATION_COMPANY_BASIC_INFO', 1, NULL, NULL)
INSERT [dbo].[Rights] ([RightId], [RightName], [Description], [IsActive], [CreatedBy], [CreatedTime]) VALUES (4, N'ADMINSTRATION_COMPANY_BASIC_INFO_CAN_VIEW', N'ADMINSTRATION_COMPANY_BASIC_INFO_CAN_VIEW', 1, NULL, NULL)
INSERT [dbo].[Rights] ([RightId], [RightName], [Description], [IsActive], [CreatedBy], [CreatedTime]) VALUES (5, N'ADMINSTRATION_COMPANY_BASIC_INFO_CAN_SEARCH', N'ADMINSTRATION_COMPANY_BASIC_INFO_CAN__SEARCH', 1, NULL, NULL)
INSERT [dbo].[Rights] ([RightId], [RightName], [Description], [IsActive], [CreatedBy], [CreatedTime]) VALUES (6, N'ADMINSTRATION_COMPANY_BASIC_INFO_CAN_ADD', N'ADMINSTRATION_COMPANY_BASIC_INFO_CAN_ADD', 1, NULL, NULL)
INSERT [dbo].[Rights] ([RightId], [RightName], [Description], [IsActive], [CreatedBy], [CreatedTime]) VALUES (7, N'ADMINSTRATION_COMPANY_BASIC_INFO_CAN_EDIT', N'ADMINSTRATION_COMPANY_BASIC_INFO_CAN_EDIT', 1, NULL, NULL)
INSERT [dbo].[Rights] ([RightId], [RightName], [Description], [IsActive], [CreatedBy], [CreatedTime]) VALUES (8, N'ADMINSTRATION_USERS', N'ADMINSTRATION_USERS', 1, NULL, NULL)
INSERT [dbo].[Rights] ([RightId], [RightName], [Description], [IsActive], [CreatedBy], [CreatedTime]) VALUES (9, N'ADMINSTRATION_USERS_CAN_VIEW', N'ADMINSTRATION_USERS_CAN_VIEW', 1, NULL, NULL)
INSERT [dbo].[Rights] ([RightId], [RightName], [Description], [IsActive], [CreatedBy], [CreatedTime]) VALUES (10, N'ADMINSTRATION_USERS_CAN_SEARCH', N'ADMINSTRATION_USERS_CAN_SEARCH', 1, NULL, NULL)
INSERT [dbo].[Rights] ([RightId], [RightName], [Description], [IsActive], [CreatedBy], [CreatedTime]) VALUES (11, N'ADMINSTRATION_USERS_CAN_ADD', N'ADMINSTRATION_USERS_CAN_ADD', 1, NULL, NULL)
INSERT [dbo].[Rights] ([RightId], [RightName], [Description], [IsActive], [CreatedBy], [CreatedTime]) VALUES (12, N'ADMINSTRATION_USERS_CAN_EDIT', N'ADMINSTRATION_USERS_CAN_EDIT', 1, NULL, NULL)
INSERT [dbo].[Rights] ([RightId], [RightName], [Description], [IsActive], [CreatedBy], [CreatedTime]) VALUES (13, N'ADMINSTRATION_USERS_CAN_VIEW_DETAILS', N'ADMINSTRATION_USERS_CAN_VIEW_DETAILS', 1, NULL, NULL)
INSERT [dbo].[Rights] ([RightId], [RightName], [Description], [IsActive], [CreatedBy], [CreatedTime]) VALUES (14, N'ADMINSTRATION_USERS_CAN_DELETE', N'ADMINSTRATION_USERS_CAN_DELETE', 1, NULL, NULL)
INSERT [dbo].[Rights] ([RightId], [RightName], [Description], [IsActive], [CreatedBy], [CreatedTime]) VALUES (15, N'ADMINSTRATION_ROLE', N'ADMINSTRATION_ROLE', 1, NULL, NULL)
INSERT [dbo].[Rights] ([RightId], [RightName], [Description], [IsActive], [CreatedBy], [CreatedTime]) VALUES (16, N'ADMINSTRATION_ROLE_CAN_VIEW', N'ADMINSTRATION_ROLE_CAN_VIEW', 1, NULL, NULL)
INSERT [dbo].[Rights] ([RightId], [RightName], [Description], [IsActive], [CreatedBy], [CreatedTime]) VALUES (17, N'ADMINSTRATION_ROLE_CAN_SEARCH', N'ADMINSTRATION_ROLE_CAN_SEARCH', 1, NULL, NULL)
INSERT [dbo].[Rights] ([RightId], [RightName], [Description], [IsActive], [CreatedBy], [CreatedTime]) VALUES (18, N'ADMINSTRATION_ROLE_CAN_ADD', N'ADMINSTRATION_ROLE_CAN_ADD', 1, NULL, NULL)
INSERT [dbo].[Rights] ([RightId], [RightName], [Description], [IsActive], [CreatedBy], [CreatedTime]) VALUES (19, N'ADMINSTRATION_ROLE_CAN_EDIT', N'ADMINSTRATION_ROLE_CAN_EDIT', 1, NULL, NULL)
INSERT [dbo].[Rights] ([RightId], [RightName], [Description], [IsActive], [CreatedBy], [CreatedTime]) VALUES (20, N'ADMINSTRATION_ROLE_CAN_ASSIGN_RIGHTS', N'ADMINSTRATION_ROLE_CAN_ASSIGN_RIGHTS', 1, NULL, NULL)
INSERT [dbo].[Rights] ([RightId], [RightName], [Description], [IsActive], [CreatedBy], [CreatedTime]) VALUES (21, N'ADMINSTRATION_PRODUCT_CATEGORY', N'ADMINSTRATION_PRODUCT_CATEGORY', 1, NULL, NULL)
INSERT [dbo].[Rights] ([RightId], [RightName], [Description], [IsActive], [CreatedBy], [CreatedTime]) VALUES (22, N'ADMINSTRATION_PRODUCT_CATEGORY_CAN_VIEW', N'ADMINSTRATION_PRODUCT_CATEGORY_VIEW', 1, NULL, NULL)
INSERT [dbo].[Rights] ([RightId], [RightName], [Description], [IsActive], [CreatedBy], [CreatedTime]) VALUES (23, N'ADMINSTRATION_PRODUCT_CATEGORY_CAN_SEARCH', N'ADMINSTRATION_PRODUCT_CATEGORY_SEARCH', 1, NULL, NULL)
INSERT [dbo].[Rights] ([RightId], [RightName], [Description], [IsActive], [CreatedBy], [CreatedTime]) VALUES (24, N'ADMINSTRATION_PRODUCT_CATEGORY_CAN_ADD', N'ADMINSTRATION_PRODUCT_CATEGORY_ADD', 1, NULL, NULL)
INSERT [dbo].[Rights] ([RightId], [RightName], [Description], [IsActive], [CreatedBy], [CreatedTime]) VALUES (25, N'ADMINSTRATION_PRODUCT_CATEGORY_CAN_EDIT', N'ADMINSTRATION_PRODUCT_CATEGORY_EDIT', 1, NULL, NULL)
INSERT [dbo].[Rights] ([RightId], [RightName], [Description], [IsActive], [CreatedBy], [CreatedTime]) VALUES (26, N'ADMINSTRATION_PRODUCT_CATEGORY_CAN_DELETE', N'ADMINSTRATION_PRODUCT_CATEGORY_DELETE', 1, NULL, NULL)
INSERT [dbo].[Rights] ([RightId], [RightName], [Description], [IsActive], [CreatedBy], [CreatedTime]) VALUES (27, N'ADMINSTRATION_MUSHAK_GENERATION', N'ADMINSTRATION_MUSHAK_GENERATION', 1, NULL, NULL)
INSERT [dbo].[Rights] ([RightId], [RightName], [Description], [IsActive], [CreatedBy], [CreatedTime]) VALUES (28, N'ADMINSTRATION_MUSHAK_GENERATION_CAN_VIEW', N'ADMINSTRATION_MUSHAK_GENERATION_CAN_VIEW', 1, NULL, NULL)
INSERT [dbo].[Rights] ([RightId], [RightName], [Description], [IsActive], [CreatedBy], [CreatedTime]) VALUES (29, N'ADMINSTRATION_MUSHAK_GENERATION_CAN_SEARCH', N'ADMINSTRATION_MUSHAK_GENERATION_CAN_SEARCH', 1, NULL, NULL)
INSERT [dbo].[Rights] ([RightId], [RightName], [Description], [IsActive], [CreatedBy], [CreatedTime]) VALUES (30, N'ADMINSTRATION_MUSHAK_GENERATION_CAN_ADD', N'ADMINSTRATION_MUSHAK_GENERATION_CAN_ADD', 1, NULL, NULL)
INSERT [dbo].[Rights] ([RightId], [RightName], [Description], [IsActive], [CreatedBy], [CreatedTime]) VALUES (31, N'ADMINSTRATION_MUSHAK_GENERATION_CAN_EDIT', N'ADMINSTRATION_MUSHAK_GENERATION_CAN_EDIT', 1, NULL, NULL)
INSERT [dbo].[Rights] ([RightId], [RightName], [Description], [IsActive], [CreatedBy], [CreatedTime]) VALUES (32, N'ADMINSTRATION_MUSHAK_GENERATION_CAN_VIEW_DETAILS', N'ADMINSTRATION_MUSHAK_GENERATION_CAN_VIEW_DETAILS', 1, NULL, NULL)
INSERT [dbo].[Rights] ([RightId], [RightName], [Description], [IsActive], [CreatedBy], [CreatedTime]) VALUES (33, N'ADMINSTRATION_MUSHAK_GENERATION_CAN_DELETE', N'ADMINSTRATION_MUSHAK_GENERATION_CAN_DELETE', 1, NULL, NULL)
INSERT [dbo].[Rights] ([RightId], [RightName], [Description], [IsActive], [CreatedBy], [CreatedTime]) VALUES (34, N'ADMINSTRATION_DAMAGE_TYPE', N'ADMINSTRATION_DAMAGE_TYPE', 1, NULL, NULL)
INSERT [dbo].[Rights] ([RightId], [RightName], [Description], [IsActive], [CreatedBy], [CreatedTime]) VALUES (35, N'ADMINSTRATION_DAMAGE_TYPE_CAN_VIEW', N'ADMINSTRATION_DAMAGE_TYPE_CAN_VIEW', 1, NULL, NULL)
INSERT [dbo].[Rights] ([RightId], [RightName], [Description], [IsActive], [CreatedBy], [CreatedTime]) VALUES (36, N'ADMINSTRATION_DAMAGE_TYPE_CAN_SEARCH', N'AADMINSTRATION_DAMAGE_TYPE_CAN_SEARCH', 1, NULL, NULL)
INSERT [dbo].[Rights] ([RightId], [RightName], [Description], [IsActive], [CreatedBy], [CreatedTime]) VALUES (37, N'ADMINSTRATION_DAMAGE_TYPE_CAN_ADD', N'ADMINSTRATION_DAMAGE_TYPE_CAN_ADD', 1, NULL, NULL)
INSERT [dbo].[Rights] ([RightId], [RightName], [Description], [IsActive], [CreatedBy], [CreatedTime]) VALUES (38, N'ADMINSTRATION_DAMAGE_TYPE_CAN_EDIT', N'ADMINSTRATION_MUSHAK_GENERATION_EDIT', 1, NULL, NULL)
INSERT [dbo].[Rights] ([RightId], [RightName], [Description], [IsActive], [CreatedBy], [CreatedTime]) VALUES (39, N'ADMINSTRATION_DAMAGE_TYPE_CAN_DELETE', N'ADMINSTRATION_DAMAGE_TYPE_CAN_DELETE', 1, NULL, NULL)
INSERT [dbo].[Rights] ([RightId], [RightName], [Description], [IsActive], [CreatedBy], [CreatedTime]) VALUES (40, N'ADMINSTRATION_DELIVERY_METHOD', N'ADMINSTRATION_DELIVERY_METHOD', 1, NULL, NULL)
INSERT [dbo].[Rights] ([RightId], [RightName], [Description], [IsActive], [CreatedBy], [CreatedTime]) VALUES (41, N'ADMINSTRATION_DELIVERY_METHOD_CAN_VIEW', N'ADMINSTRATION_DELIVERY_METHOD_CAN_VIEW', 1, NULL, NULL)
INSERT [dbo].[Rights] ([RightId], [RightName], [Description], [IsActive], [CreatedBy], [CreatedTime]) VALUES (42, N'ADMINSTRATION_DELIVERY_METHOD_CAN_SEARCH', N'ADMINSTRATION_DELIVERY_METHOD_CAN_SEARCH', 1, NULL, NULL)
INSERT [dbo].[Rights] ([RightId], [RightName], [Description], [IsActive], [CreatedBy], [CreatedTime]) VALUES (43, N'ADMINSTRATION_DELIVERY_METHOD_CAN_ADD', N'ADMINSTRATION_DELIVERY_METHOD_CAN_ADD', 1, NULL, NULL)
INSERT [dbo].[Rights] ([RightId], [RightName], [Description], [IsActive], [CreatedBy], [CreatedTime]) VALUES (44, N'ADMINSTRATION_DELIVERY_METHOD_CAN_EDIT', N'ADMINSTRATION_DELIVERY_METHOD_CAN_EDIT', 1, NULL, NULL)
INSERT [dbo].[Rights] ([RightId], [RightName], [Description], [IsActive], [CreatedBy], [CreatedTime]) VALUES (45, N'ADMINSTRATION_DOCUMENT_TYPE', N'ADMINSTRATION_DOCUMENT_TYPE', 1, NULL, NULL)
INSERT [dbo].[Rights] ([RightId], [RightName], [Description], [IsActive], [CreatedBy], [CreatedTime]) VALUES (46, N'ADMINSTRATION_DOCUMENT_TYPE_CAN_VIEW', N'ADMINSTRATION_DOCUMENT_TYPE_CAN_VIEW', 1, NULL, NULL)
INSERT [dbo].[Rights] ([RightId], [RightName], [Description], [IsActive], [CreatedBy], [CreatedTime]) VALUES (47, N'ADMINSTRATION_DOCUMENT_TYPE_CAN_SEARCH', N'ADMINSTRATION_DOCUMENT_TYPE_CAN_SEARCH', 1, NULL, NULL)
INSERT [dbo].[Rights] ([RightId], [RightName], [Description], [IsActive], [CreatedBy], [CreatedTime]) VALUES (48, N'ADMINSTRATION_DOCUMENT_TYPE_CAN_ADD', N'ADMINSTRATION_DOCUMENT_TYPE_CAN_ADD', 1, NULL, NULL)
INSERT [dbo].[Rights] ([RightId], [RightName], [Description], [IsActive], [CreatedBy], [CreatedTime]) VALUES (49, N'ADMINSTRATION_DOCUMENT_TYPE_CAN_EDIT', N'ADMINSTRATION_DOCUMENT_TYPE_CAN_EDIT', 1, NULL, NULL)
INSERT [dbo].[Rights] ([RightId], [RightName], [Description], [IsActive], [CreatedBy], [CreatedTime]) VALUES (50, N'ADMINSTRATION_DOCUMENT_TYPE_CAN_DELETE', N'ADMINSTRATION_DOCUMENT_TYPE_CAN_DELETE', 1, NULL, NULL)
INSERT [dbo].[Rights] ([RightId], [RightName], [Description], [IsActive], [CreatedBy], [CreatedTime]) VALUES (51, N'ADMINSTRATION_EXPORT_TYPE', N'ADMINSTRATION_EXPORT_TYPE', 1, NULL, NULL)
INSERT [dbo].[Rights] ([RightId], [RightName], [Description], [IsActive], [CreatedBy], [CreatedTime]) VALUES (52, N'ADMINSTRATION_EXPORT_TYPE_CAN_VIEW', N'ADMINSTRATION_EXPORT_TYPE_CAN_VIEW', 1, NULL, NULL)
INSERT [dbo].[Rights] ([RightId], [RightName], [Description], [IsActive], [CreatedBy], [CreatedTime]) VALUES (53, N'ADMINSTRATION_EXPORT_TYPE_CAN_SEARCH', N'ADMINSTRATION_EXPORT_TYPE_CAN_SEARCH', 1, NULL, NULL)
INSERT [dbo].[Rights] ([RightId], [RightName], [Description], [IsActive], [CreatedBy], [CreatedTime]) VALUES (54, N'ADMINSTRATION_EXPORT_TYPE_CAN_ADD', N'ADMINSTRATION_EXPORT_TYPE_CAN_ADD', 1, NULL, NULL)
INSERT [dbo].[Rights] ([RightId], [RightName], [Description], [IsActive], [CreatedBy], [CreatedTime]) VALUES (55, N'ADMINSTRATION_EXPORT_TYPE_CAN_EDIT', N'ADMINSTRATION_EXPORT_TYPE_CAN_EDIT', 1, NULL, NULL)
INSERT [dbo].[Rights] ([RightId], [RightName], [Description], [IsActive], [CreatedBy], [CreatedTime]) VALUES (56, N'ADMINSTRATION_MEASURMENT_UNIT', N'ADMINSTRATION_MEASURMENT_UNIT', 1, NULL, NULL)
INSERT [dbo].[Rights] ([RightId], [RightName], [Description], [IsActive], [CreatedBy], [CreatedTime]) VALUES (57, N'ADMINSTRATION_MEASURMENT_UNIT_CAN_VIEW', N'ADMINSTRATION_MEASURMENT_UNIT_CAN_VIEW', 1, NULL, NULL)
INSERT [dbo].[Rights] ([RightId], [RightName], [Description], [IsActive], [CreatedBy], [CreatedTime]) VALUES (58, N'ADMINSTRATION_MEASURMENT_UNIT_CAN_SEARCH', N'ADMINSTRATION_MEASURMENT_UNIT_CAN_SEARCH', 1, NULL, NULL)
INSERT [dbo].[Rights] ([RightId], [RightName], [Description], [IsActive], [CreatedBy], [CreatedTime]) VALUES (59, N'ADMINSTRATION_MEASURMENT_UNIT_CAN_ADD', N'ADMINSTRATION_MEASURMENT_UNIT_CAN_ADD', 1, NULL, NULL)
INSERT [dbo].[Rights] ([RightId], [RightName], [Description], [IsActive], [CreatedBy], [CreatedTime]) VALUES (60, N'ADMINSTRATION_MEASURMENT_UNIT_CAN_EDIT', N'ADMINSTRATION_MEASURMENT_UNIT_CAN_EDIT', 1, NULL, NULL)
INSERT [dbo].[Rights] ([RightId], [RightName], [Description], [IsActive], [CreatedBy], [CreatedTime]) VALUES (61, N'ADMINSTRATION_MEASURMENT_UNIT_CAN_DELETE', N'ADMINSTRATION_MEASURMENT_UNIT_CAN_DELETE', 1, NULL, NULL)
INSERT [dbo].[Rights] ([RightId], [RightName], [Description], [IsActive], [CreatedBy], [CreatedTime]) VALUES (62, N'ADMINSTRATION_PAYMENT_METHODS', N'ADMINSTRATION_PAYMENT_METHODS', 1, NULL, NULL)
INSERT [dbo].[Rights] ([RightId], [RightName], [Description], [IsActive], [CreatedBy], [CreatedTime]) VALUES (63, N'ADMINSTRATION_PAYMENT_METHODS_CAN_VIEW', N'ADMINSTRATION_PAYMENT_METHODS_CAN_VIEW', 1, NULL, NULL)
INSERT [dbo].[Rights] ([RightId], [RightName], [Description], [IsActive], [CreatedBy], [CreatedTime]) VALUES (64, N'ADMINSTRATION_PAYMENT_METHODS_CAN_SEARCH', N'ADMINSTRATION_PAYMENT_METHODS_CAN_SEARCH', 1, NULL, NULL)
INSERT [dbo].[Rights] ([RightId], [RightName], [Description], [IsActive], [CreatedBy], [CreatedTime]) VALUES (65, N'ADMINSTRATION_PAYMENT_METHODS_CAN_ADD', N'ADMINSTRATION_PAYMENT_METHODS_CAN_SEARCH', 1, NULL, NULL)
INSERT [dbo].[Rights] ([RightId], [RightName], [Description], [IsActive], [CreatedBy], [CreatedTime]) VALUES (66, N'ADMINSTRATION_PAYMENT_METHODS_CAN_EDIT', N'ADMINSTRATION_PAYMENT_METHODS_CAN_EDIT', 1, NULL, NULL)
INSERT [dbo].[Rights] ([RightId], [RightName], [Description], [IsActive], [CreatedBy], [CreatedTime]) VALUES (67, N'ADMINSTRATION_PRODUCT_GROUPS', N'ADMINSTRATION_PRODUCT_GROUPS', 1, NULL, NULL)
INSERT [dbo].[Rights] ([RightId], [RightName], [Description], [IsActive], [CreatedBy], [CreatedTime]) VALUES (68, N'ADMINSTRATION_PRODUCT_GROUPS_CAN_VIEW', N'ADMINSTRATION_PRODUCT_GROUPS__CAN_VIEW', 1, NULL, NULL)
INSERT [dbo].[Rights] ([RightId], [RightName], [Description], [IsActive], [CreatedBy], [CreatedTime]) VALUES (69, N'ADMINSTRATION_PRODUCT_GROUPS_CAN_SEARCH', N'ADMINSTRATION_PRODUCT_GROUPS_CAN_SEARCH', 1, NULL, NULL)
INSERT [dbo].[Rights] ([RightId], [RightName], [Description], [IsActive], [CreatedBy], [CreatedTime]) VALUES (70, N'ADMINSTRATION_PRODUCT_GROUPS_CAN_ADD', N'ADMINSTRATION_PRODUCT_GROUPS_CAN_ADD', 1, NULL, NULL)
INSERT [dbo].[Rights] ([RightId], [RightName], [Description], [IsActive], [CreatedBy], [CreatedTime]) VALUES (71, N'ADMINSTRATION_PRODUCT_GROUPS_CAN_EDIT', N'ADMINSTRATION_PRODUCT_GROUPS_CAN_EDIT', 1, NULL, NULL)
INSERT [dbo].[Rights] ([RightId], [RightName], [Description], [IsActive], [CreatedBy], [CreatedTime]) VALUES (72, N'ADMINSTRATION_PRODUCT_GROUPS_CAN_DELETE', N'ADMINSTRATION_PRODUCT_GROUPS_CAN_DELETE', 1, NULL, NULL)
INSERT [dbo].[Rights] ([RightId], [RightName], [Description], [IsActive], [CreatedBy], [CreatedTime]) VALUES (73, N'ADMINSTRATION_PRODUCT_VAT_TYPES', N'ADMINSTRATION_PRODUCT_VAT_TYPES', 1, NULL, NULL)
INSERT [dbo].[Rights] ([RightId], [RightName], [Description], [IsActive], [CreatedBy], [CreatedTime]) VALUES (74, N'ADMINSTRATION_PRODUCT_VAT_TYPES_CAN_VIEW', N'ADMINSTRATION_PRODUCT_VAT_TYPES_CAN_VIEW', 1, NULL, NULL)
INSERT [dbo].[Rights] ([RightId], [RightName], [Description], [IsActive], [CreatedBy], [CreatedTime]) VALUES (75, N'ADMINSTRATION_PRODUCT_VAT_TYPES_CAN_SEARCH', N'ADMINSTRATION_PRODUCT_VAT_TYPES_CAN_SEARCH ', 1, NULL, NULL)
INSERT [dbo].[Rights] ([RightId], [RightName], [Description], [IsActive], [CreatedBy], [CreatedTime]) VALUES (76, N'ADMINSTRATION_PRODUCT_VAT_TYPES_CAN_ADD', N'ADMINSTRATION_PRODUCT_VAT_TYPES_CAN_ADD', 1, NULL, NULL)
INSERT [dbo].[Rights] ([RightId], [RightName], [Description], [IsActive], [CreatedBy], [CreatedTime]) VALUES (77, N'ADMINSTRATION_PRODUCT_VAT_TYPES_CAN_EDIT', N'ADMINSTRATION_PRODUCT_VAT_TYPES_CAN_EDIT', 1, NULL, NULL)
INSERT [dbo].[Rights] ([RightId], [RightName], [Description], [IsActive], [CreatedBy], [CreatedTime]) VALUES (78, N'ADMINSTRATION_PRODUCT_VAT_TYPES_CAN_DELETE', N'ADMINSTRATION_PRODUCT_VAT_TYPES_CAN_DELETE', 1, NULL, NULL)
INSERT [dbo].[Rights] ([RightId], [RightName], [Description], [IsActive], [CreatedBy], [CreatedTime]) VALUES (79, N'ADMINSTRATION_PURCHASE_REASONES', N'ADMINSTRATION_PURCHASE_REASONES', 1, NULL, NULL)
INSERT [dbo].[Rights] ([RightId], [RightName], [Description], [IsActive], [CreatedBy], [CreatedTime]) VALUES (80, N'ADMINSTRATION_PURCHASE_REASONES_CAN_VIEW', N'ADMINSTRATION_PURCHASE_REASONES_CAN_VIEW', 1, NULL, NULL)
INSERT [dbo].[Rights] ([RightId], [RightName], [Description], [IsActive], [CreatedBy], [CreatedTime]) VALUES (81, N'ADMINSTRATION_PURCHASE_REASONES_CAN_SEARCH', N'ADMINSTRATION_PURCHASE_REASONES_CAN_SEARCH', 1, NULL, NULL)
INSERT [dbo].[Rights] ([RightId], [RightName], [Description], [IsActive], [CreatedBy], [CreatedTime]) VALUES (82, N'ADMINSTRATION_PURCHASE_REASONES_CAN_ADD', N'ADMINSTRATION_PURCHASE_REASONES_CAN_ADD', 1, NULL, NULL)
INSERT [dbo].[Rights] ([RightId], [RightName], [Description], [IsActive], [CreatedBy], [CreatedTime]) VALUES (83, N'ADMINSTRATION_PURCHASE_REASONES_CAN_EDIT', N'ADMINSTRATION_PURCHASE_REASONES_CAN_EDIT', 1, NULL, NULL)
INSERT [dbo].[Rights] ([RightId], [RightName], [Description], [IsActive], [CreatedBy], [CreatedTime]) VALUES (84, N'ADMINSTRATION_SALES_DELIVERY_TYPE', N'ADMINSTRATION_SALES_DELIVERY_TYPE', 1, NULL, NULL)
INSERT [dbo].[Rights] ([RightId], [RightName], [Description], [IsActive], [CreatedBy], [CreatedTime]) VALUES (85, N'ADMINSTRATION_SALES_DELIVERY_TYPE_CAN_VIEW', N'ADMINSTRATION_SALES_DELIVERY_TYPE_CAN_VIEW', 1, NULL, NULL)
INSERT [dbo].[Rights] ([RightId], [RightName], [Description], [IsActive], [CreatedBy], [CreatedTime]) VALUES (86, N'ADMINSTRATION_SALES_DELIVERY_TYPE_CAN_SEARCH', N'ADMINSTRATION_SALES_DELIVERY_TYPE_CAN_SEARCH', 1, NULL, NULL)
INSERT [dbo].[Rights] ([RightId], [RightName], [Description], [IsActive], [CreatedBy], [CreatedTime]) VALUES (87, N'ADMINSTRATION_SALES_DELIVERY_TYPE_CAN_ADD', N'ADMINSTRATION_SALES_DELIVERY_TYPE_CAN_ADD', 1, NULL, NULL)
INSERT [dbo].[Rights] ([RightId], [RightName], [Description], [IsActive], [CreatedBy], [CreatedTime]) VALUES (88, N'ADMINSTRATION_SALES_DELIVERY_TYPE_CAN_EDIT', N'ADMINSTRATION_SALES_DELIVERY_TYPE_CAN_EDIT', 1, NULL, NULL)
INSERT [dbo].[Rights] ([RightId], [RightName], [Description], [IsActive], [CreatedBy], [CreatedTime]) VALUES (89, N'PRODUCT', N'PRODUCT', 1, NULL, NULL)
INSERT [dbo].[Rights] ([RightId], [RightName], [Description], [IsActive], [CreatedBy], [CreatedTime]) VALUES (90, N'PRODUCT_PRODUCT', N'PRODUCT_PRODUCT', 1, NULL, NULL)
INSERT [dbo].[Rights] ([RightId], [RightName], [Description], [IsActive], [CreatedBy], [CreatedTime]) VALUES (91, N'PRODUCT_PRODUCT_CAN_VIEW', N'PRODUCT_PRODUCT_CAN_VIEW', 1, NULL, NULL)
INSERT [dbo].[Rights] ([RightId], [RightName], [Description], [IsActive], [CreatedBy], [CreatedTime]) VALUES (92, N'PRODUCT_PRODUCT_CAN_SEARCH', N'PRODUCT_PRODUCT_CAN_SEARCH', 1, NULL, NULL)
INSERT [dbo].[Rights] ([RightId], [RightName], [Description], [IsActive], [CreatedBy], [CreatedTime]) VALUES (93, N'PRODUCT_PRODUCT_CAN_ADD', N'PRODUCT_PRODUCT_CAN_ADD', 1, NULL, NULL)
INSERT [dbo].[Rights] ([RightId], [RightName], [Description], [IsActive], [CreatedBy], [CreatedTime]) VALUES (94, N'PRODUCT_PRODUCT_CAN_EDIT', N'PRODUCT_PRODUCT_CAN_EDIT', 1, NULL, NULL)
INSERT [dbo].[Rights] ([RightId], [RightName], [Description], [IsActive], [CreatedBy], [CreatedTime]) VALUES (95, N'PRODUCT_PRODUCT_CAN_VIEW_DETAILS', N'PRODUCT_PRODUCT_CAN_VIEW_DETAILS', 1, NULL, NULL)
INSERT [dbo].[Rights] ([RightId], [RightName], [Description], [IsActive], [CreatedBy], [CreatedTime]) VALUES (96, N'PRODUCT_PRODUCT_CAN_DELETE', N'PRODUCT_PRODUCT_CAN_DELETE', 1, NULL, NULL)
INSERT [dbo].[Rights] ([RightId], [RightName], [Description], [IsActive], [CreatedBy], [CreatedTime]) VALUES (97, N'PRODUCT_PRODUCT_CAN_PRICE_SETUP', N'PRODUCT_PRODUCT_CAN_PRICE_SETUP', 1, NULL, NULL)
INSERT [dbo].[Rights] ([RightId], [RightName], [Description], [IsActive], [CreatedBy], [CreatedTime]) VALUES (98, N'PRODUCT_PRODUCT_CAN_ADD_Supplimentary_Duty', N'PRODUCT_PRODUCT_CAN_ADD_Supplimentary Duty', 1, NULL, NULL)
INSERT [dbo].[Rights] ([RightId], [RightName], [Description], [IsActive], [CreatedBy], [CreatedTime]) VALUES (99, N'PRODUCT_DAMAGE', N'PRODUCT_DAMAGE', 1, NULL, NULL)
GO
INSERT [dbo].[Rights] ([RightId], [RightName], [Description], [IsActive], [CreatedBy], [CreatedTime]) VALUES (100, N'PRODUCT_DAMAGE_CAN_VIEW', N'PRODUCT_DAMAGE_CAN_VIEW', 1, NULL, NULL)
INSERT [dbo].[Rights] ([RightId], [RightName], [Description], [IsActive], [CreatedBy], [CreatedTime]) VALUES (101, N'PRODUCT_DAMAGE_CAN_SEARCH', N'PRODUCT_DAMAGE_CAN_SEARCH', 1, NULL, NULL)
INSERT [dbo].[Rights] ([RightId], [RightName], [Description], [IsActive], [CreatedBy], [CreatedTime]) VALUES (102, N'PRODUCT_DAMAGE_CAN_ADD', N'PRODUCT_DAMAGE_CAN_ADD', 1, NULL, NULL)
INSERT [dbo].[Rights] ([RightId], [RightName], [Description], [IsActive], [CreatedBy], [CreatedTime]) VALUES (103, N'THIRD_PARTY', N'THIRD_PARTY', 1, NULL, NULL)
INSERT [dbo].[Rights] ([RightId], [RightName], [Description], [IsActive], [CreatedBy], [CreatedTime]) VALUES (104, N'THIRD_PARTY_VENDOR', N'THIRD_PARTY_VENDOR', 1, NULL, NULL)
INSERT [dbo].[Rights] ([RightId], [RightName], [Description], [IsActive], [CreatedBy], [CreatedTime]) VALUES (105, N'THIRD_PARTY_VENDOR_CAN_VIEW', N'THIRD_PARTY_VENDOR_CAN_VIEW', 1, NULL, NULL)
INSERT [dbo].[Rights] ([RightId], [RightName], [Description], [IsActive], [CreatedBy], [CreatedTime]) VALUES (106, N'THIRD_PARTY_VENDOR_CAN_SEARCH', N'THIRD_PARTY_VENDOR_CAN_SEARCH', 1, NULL, NULL)
INSERT [dbo].[Rights] ([RightId], [RightName], [Description], [IsActive], [CreatedBy], [CreatedTime]) VALUES (107, N'THIRD_PARTY_VENDOR_CAN_ADD', N'THIRD_PARTY_VENDOR_CAN_ADD', 1, NULL, NULL)
INSERT [dbo].[Rights] ([RightId], [RightName], [Description], [IsActive], [CreatedBy], [CreatedTime]) VALUES (108, N'THIRD_PARTY_VENDOR_CAN_EDIT', N'THIRD_PARTY_VENDOR_CAN_EDIT', 1, NULL, NULL)
INSERT [dbo].[Rights] ([RightId], [RightName], [Description], [IsActive], [CreatedBy], [CreatedTime]) VALUES (109, N'THIRD_PARTY_VENDOR_CAN_DELETE', N'THIRD_PARTY_VENDOR_CAN_ADD', 1, NULL, NULL)
INSERT [dbo].[Rights] ([RightId], [RightName], [Description], [IsActive], [CreatedBy], [CreatedTime]) VALUES (110, N'THIRD_PARTY_CUSTOMER', N'THIRD_PARTY_CUSTOMER', 1, NULL, NULL)
INSERT [dbo].[Rights] ([RightId], [RightName], [Description], [IsActive], [CreatedBy], [CreatedTime]) VALUES (111, N'THIRD_PARTY_CUSTOMER_CAN_VIEW', N'THIRD_PARTY_CUSTOMER_CAN_VIEW', 1, NULL, NULL)
INSERT [dbo].[Rights] ([RightId], [RightName], [Description], [IsActive], [CreatedBy], [CreatedTime]) VALUES (112, N'THIRD_PARTY_CUSTOMER_CAN_SEARCH', N'THIRD_PARTY_CUSTOMER_CAN_SEARCH', 1, NULL, NULL)
INSERT [dbo].[Rights] ([RightId], [RightName], [Description], [IsActive], [CreatedBy], [CreatedTime]) VALUES (113, N'THIRD_PARTY_CUSTOMER_CAN_ADD', N'THIRD_PARTY_CUSTOMER_CAN_SEARCH', 1, NULL, NULL)
INSERT [dbo].[Rights] ([RightId], [RightName], [Description], [IsActive], [CreatedBy], [CreatedTime]) VALUES (114, N'THIRD_PARTY_CUSTOMER_CAN_EDIT', N'THIRD_PARTY_CUSTOMER_CAN_SEARCH', 1, NULL, NULL)
INSERT [dbo].[Rights] ([RightId], [RightName], [Description], [IsActive], [CreatedBy], [CreatedTime]) VALUES (115, N'THIRD_PARTY_CUSTOMER_CAN_DELETE', N'THIRD_PARTY_CUSTOMER_CAN_SEARCH', 1, NULL, NULL)
INSERT [dbo].[Rights] ([RightId], [RightName], [Description], [IsActive], [CreatedBy], [CreatedTime]) VALUES (116, N'PURCHASE', N'PURCHASE', 1, NULL, NULL)
INSERT [dbo].[Rights] ([RightId], [RightName], [Description], [IsActive], [CreatedBy], [CreatedTime]) VALUES (117, N'PURCHASE_PURCHASE_CAN_VIEW', N'PURCHASE_PURCHASE_CAN_VIEW', 1, NULL, NULL)
INSERT [dbo].[Rights] ([RightId], [RightName], [Description], [IsActive], [CreatedBy], [CreatedTime]) VALUES (118, N'PURCHASE_PURCHASE_CAN_SEARCH', N'PURCHASE_PURCHASE_CAN_SEARCH', 1, NULL, NULL)
INSERT [dbo].[Rights] ([RightId], [RightName], [Description], [IsActive], [CreatedBy], [CreatedTime]) VALUES (119, N'PURCHASE_PURCHASE_CAN_ADD', N'PURCHASE_PURCHASE_CAN_ADD', 1, NULL, NULL)
INSERT [dbo].[Rights] ([RightId], [RightName], [Description], [IsActive], [CreatedBy], [CreatedTime]) VALUES (120, N'PURCHASE_PURCHASE_CAN_CANCEL', N'PURCHASE_PURCHASE_CAN_CANCEL', 1, NULL, NULL)
INSERT [dbo].[Rights] ([RightId], [RightName], [Description], [IsActive], [CreatedBy], [CreatedTime]) VALUES (121, N'PURCHASE_PURCHASE_CAN_DEBIT_NOTE', N'PURCHASE_PURCHASE_CAN_DEBIT_NOTE', 1, NULL, NULL)
INSERT [dbo].[Rights] ([RightId], [RightName], [Description], [IsActive], [CreatedBy], [CreatedTime]) VALUES (122, N'PURCHASE_PURCHASE_CAN_VIEW_DETAILS', N'PURCHASE_PURCHASE_CAN_VIEW_DETAILS', 1, NULL, NULL)
INSERT [dbo].[Rights] ([RightId], [RightName], [Description], [IsActive], [CreatedBy], [CreatedTime]) VALUES (123, N'PURCHASE_PURCHASE_FOREIGN', N'PURCHASE_PURCHASE_FOREIGN', 1, NULL, NULL)
INSERT [dbo].[Rights] ([RightId], [RightName], [Description], [IsActive], [CreatedBy], [CreatedTime]) VALUES (124, N'PURCHASE_PURCHASE_FOREIGN_CAN_ADD', N'PURCHASE_PURCHASE_FOREIGN_CAN_ADD', 1, NULL, NULL)
INSERT [dbo].[Rights] ([RightId], [RightName], [Description], [IsActive], [CreatedBy], [CreatedTime]) VALUES (125, N'PURCHASE_PURCHASE_FOREIGN_CAN_SAVE', N'PURCHASE_PURCHASE_FOREIGN_CAN_SAVE', 1, NULL, NULL)
INSERT [dbo].[Rights] ([RightId], [RightName], [Description], [IsActive], [CreatedBy], [CreatedTime]) VALUES (126, N'PURCHASE_PURCHASE_FOREIGN_CAN_CANCEL', N'PURCHASE_PURCHASE_FOREIGN_CAN_CANCEL', 1, NULL, NULL)
INSERT [dbo].[Rights] ([RightId], [RightName], [Description], [IsActive], [CreatedBy], [CreatedTime]) VALUES (127, N'PURCHASE_PURCHASE_PURCHASE_DUE', N'PURCHASE_PURCHASE_PURCHASE_DUE', 1, NULL, NULL)
INSERT [dbo].[Rights] ([RightId], [RightName], [Description], [IsActive], [CreatedBy], [CreatedTime]) VALUES (128, N'PURCHASE_PURCHASE_PURCHASE_DUE_CAN_VIEW', N'PURCHASE_PURCHASE_PURCHASE_DUE_CAN_VIEW', 1, NULL, NULL)
INSERT [dbo].[Rights] ([RightId], [RightName], [Description], [IsActive], [CreatedBy], [CreatedTime]) VALUES (129, N'PURCHASE_PURCHASE_PURCHASE_DUE_CAN_SEARCH', N'PURCHASE_PURCHASE_PURCHASE_DUE_CAN_SEARCH', 1, NULL, NULL)
INSERT [dbo].[Rights] ([RightId], [RightName], [Description], [IsActive], [CreatedBy], [CreatedTime]) VALUES (130, N'PURCHASE_PURCHASE_PURCHASE_DUE_CAN_ADD_PAYMENT', N'PURCHASE_PURCHASE_PURCHASE_DUE_CAN_ADD_PAYMENT', 1, NULL, NULL)
INSERT [dbo].[Rights] ([RightId], [RightName], [Description], [IsActive], [CreatedBy], [CreatedTime]) VALUES (131, N'PRODUCTION', N'PRODUCTION', 1, NULL, NULL)
INSERT [dbo].[Rights] ([RightId], [RightName], [Description], [IsActive], [CreatedBy], [CreatedTime]) VALUES (132, N'PRODUCTION_PRODUCTION_CAN_VIEW', N'PRODUCTION_PRODUCTION_CAN_VIEW', 1, NULL, NULL)
INSERT [dbo].[Rights] ([RightId], [RightName], [Description], [IsActive], [CreatedBy], [CreatedTime]) VALUES (133, N'PRODUCTION_PRODUCTION_CAN_SEARCH', N'PRODUCTION_PRODUCTION_CAN_SEARCH', 1, NULL, NULL)
INSERT [dbo].[Rights] ([RightId], [RightName], [Description], [IsActive], [CreatedBy], [CreatedTime]) VALUES (134, N'PRODUCTION_PRODUCTION_CAN_ADD', N'PRODUCTION_PRODUCTION_CAN__ADD', 1, NULL, NULL)
INSERT [dbo].[Rights] ([RightId], [RightName], [Description], [IsActive], [CreatedBy], [CreatedTime]) VALUES (135, N'SALE', N'SALE', 1, NULL, NULL)
INSERT [dbo].[Rights] ([RightId], [RightName], [Description], [IsActive], [CreatedBy], [CreatedTime]) VALUES (136, N'SALE_SALE_LIST', N'SALE', 1, NULL, NULL)
INSERT [dbo].[Rights] ([RightId], [RightName], [Description], [IsActive], [CreatedBy], [CreatedTime]) VALUES (137, N'SALE_SALE_LIST_CAN_VIEW', N'SALE_SALE_LIST_CAN_VIEW', 1, NULL, NULL)
INSERT [dbo].[Rights] ([RightId], [RightName], [Description], [IsActive], [CreatedBy], [CreatedTime]) VALUES (138, N'SALE_SALE_LIST_CAN_SEARCH', N'SALE_SALE_LIST_CAN_SEARCH', 1, NULL, NULL)
INSERT [dbo].[Rights] ([RightId], [RightName], [Description], [IsActive], [CreatedBy], [CreatedTime]) VALUES (139, N'SALE_SALE_LIST_CAN_ADD', N'SALE_SALE_LIST_CAN_ADD', 1, NULL, NULL)
INSERT [dbo].[Rights] ([RightId], [RightName], [Description], [IsActive], [CreatedBy], [CreatedTime]) VALUES (140, N'SALE_SALE_LIST_CAN_CANCEL', N'SALE_SALE_LIST_CAN_CANCEL', 1, NULL, NULL)
INSERT [dbo].[Rights] ([RightId], [RightName], [Description], [IsActive], [CreatedBy], [CreatedTime]) VALUES (141, N'SALE_SALE_LIST_CAN_ADD_CREDIT_NOTE', N'SALE_SALE_LIST_CAN_ADD_CREDIT_NOTE', 1, NULL, NULL)
INSERT [dbo].[Rights] ([RightId], [RightName], [Description], [IsActive], [CreatedBy], [CreatedTime]) VALUES (142, N'SALE_SALE_LIST_CAN_VIEW_DETAILS', N'SALE_SALE_LIST_CAN__VIEW_DETAILS', 1, NULL, NULL)
INSERT [dbo].[Rights] ([RightId], [RightName], [Description], [IsActive], [CreatedBy], [CreatedTime]) VALUES (143, N'SALE_SALES_FOREIGN', N'SALE_SALES_FOREIGN', 1, NULL, NULL)
INSERT [dbo].[Rights] ([RightId], [RightName], [Description], [IsActive], [CreatedBy], [CreatedTime]) VALUES (144, N'SALE_SALES_FOREIGN_CAN_VIEW', N'SALE_SALES_FOREIGN_CAN_VIEW', 1, NULL, NULL)
INSERT [dbo].[Rights] ([RightId], [RightName], [Description], [IsActive], [CreatedBy], [CreatedTime]) VALUES (145, N'SALE_SALES_FOREIGN_CAN_ADD', N'SALE_SALES_FOREIGN_CAN_ADD', 1, NULL, NULL)
INSERT [dbo].[Rights] ([RightId], [RightName], [Description], [IsActive], [CreatedBy], [CreatedTime]) VALUES (146, N'SALE_SALES_FOREIGN_CAN_SAVE', N'SALE_SALES_FOREIGN_CAN_SAVE', 1, NULL, NULL)
INSERT [dbo].[Rights] ([RightId], [RightName], [Description], [IsActive], [CreatedBy], [CreatedTime]) VALUES (147, N'SALE_SALES_FOREIGN_CAN_CANCEL', N'SALE_SALES_FOREIGN_CAN_CANCEL', 1, NULL, NULL)
INSERT [dbo].[Rights] ([RightId], [RightName], [Description], [IsActive], [CreatedBy], [CreatedTime]) VALUES (148, N'SALE_SALES_DUE', N'SALE_SALES_DUE', 1, NULL, NULL)
INSERT [dbo].[Rights] ([RightId], [RightName], [Description], [IsActive], [CreatedBy], [CreatedTime]) VALUES (149, N'SALE_SALES_DUE_CAN_VIEW', N'SALE_SALES_DUE_CAN_VIEW', 1, NULL, NULL)
INSERT [dbo].[Rights] ([RightId], [RightName], [Description], [IsActive], [CreatedBy], [CreatedTime]) VALUES (150, N'SALE_SALES_DUE_CAN_SEARCH', N'SALE_SALES_DUE_CAN_SEARCH', 1, NULL, NULL)
INSERT [dbo].[Rights] ([RightId], [RightName], [Description], [IsActive], [CreatedBy], [CreatedTime]) VALUES (151, N'SALE_SALES_DUE_CAN_ADD_SALES_PAYMENT_RECEIVE', N'SALE_SALES_DUE_CAN_ADD_SALES_PAYMENT_RECEIVE', 1, NULL, NULL)
INSERT [dbo].[Rights] ([RightId], [RightName], [Description], [IsActive], [CreatedBy], [CreatedTime]) VALUES (152, N'REPORTS', N'REPORTS', 1, NULL, NULL)
INSERT [dbo].[Rights] ([RightId], [RightName], [Description], [IsActive], [CreatedBy], [CreatedTime]) VALUES (153, N'REPORTS_PURCHASE_REPORT_BY_VENDOR', N'REPORTS_PURCHASE_REPORT_BY_VENDOR', 1, NULL, NULL)
INSERT [dbo].[Rights] ([RightId], [RightName], [Description], [IsActive], [CreatedBy], [CreatedTime]) VALUES (154, N'REPORTS_PURCHASE_REPORT_BY_VENDOR_CAN_VIEW', N'REPORTS_PURCHASE_REPORT_BY_VENDOR_CAN_VIEW', 1, NULL, NULL)
INSERT [dbo].[Rights] ([RightId], [RightName], [Description], [IsActive], [CreatedBy], [CreatedTime]) VALUES (155, N'REPORTS_PURCHASE_REPORT_BY_GR_NO', N'REPORTS_PURCHASE_REPORT_BY_GR_NO', 1, NULL, NULL)
INSERT [dbo].[Rights] ([RightId], [RightName], [Description], [IsActive], [CreatedBy], [CreatedTime]) VALUES (156, N'REPORTS_PURCHASE_REPORT_BY_GR_NO_CAN_VIEW', N'REPORTS_PURCHASE_REPORT_BY_GR_NO_CAN_VIEW', 1, NULL, NULL)
INSERT [dbo].[Rights] ([RightId], [RightName], [Description], [IsActive], [CreatedBy], [CreatedTime]) VALUES (157, N'REPORTS_FOR_EXPENSE', N'REPORTS_FOR_EXPENSE', 1, NULL, NULL)
INSERT [dbo].[Rights] ([RightId], [RightName], [Description], [IsActive], [CreatedBy], [CreatedTime]) VALUES (158, N'REPORTS_FOR_EXPENSE_CAN_VIEW', N'REPORTS_FOR_EXPENSE_CAN_VIEW', 1, NULL, NULL)
INSERT [dbo].[Rights] ([RightId], [RightName], [Description], [IsActive], [CreatedBy], [CreatedTime]) VALUES (159, N'REPORTS_MONTHLY_PURCHASE_REPORT', N'REPORTS_MONTHLY_PURCHASE_REPORT', 1, NULL, NULL)
INSERT [dbo].[Rights] ([RightId], [RightName], [Description], [IsActive], [CreatedBy], [CreatedTime]) VALUES (160, N'REPORTS_MONTHLY_PURCHASE_REPORT_CAN_VIEW', N'REPORTS_MONTHLY_PURCHASE_REPORT_CAN_VIEW', 1, NULL, NULL)
INSERT [dbo].[Rights] ([RightId], [RightName], [Description], [IsActive], [CreatedBy], [CreatedTime]) VALUES (161, N'MUSHAK', N'MUSHAK', 1, NULL, NULL)
INSERT [dbo].[Rights] ([RightId], [RightName], [Description], [IsActive], [CreatedBy], [CreatedTime]) VALUES (162, N'MUSHAK_MUSHAK_2_1', N'MUSHAK_MUSHAK_2_1', 1, NULL, NULL)
INSERT [dbo].[Rights] ([RightId], [RightName], [Description], [IsActive], [CreatedBy], [CreatedTime]) VALUES (163, N'MUSHAK_MUSHAK_2_1_CAN_VIEW', N'MUSHAK_MUSHAK_2_1_CAN_VIEW', 1, NULL, NULL)
INSERT [dbo].[Rights] ([RightId], [RightName], [Description], [IsActive], [CreatedBy], [CreatedTime]) VALUES (164, N'MUSHAK_MUSHAK_2_3', N'MUSHAK_MUSHAK_2_3', 1, NULL, NULL)
INSERT [dbo].[Rights] ([RightId], [RightName], [Description], [IsActive], [CreatedBy], [CreatedTime]) VALUES (165, N'MUSHAK_MUSHAK_2_3_CAN_VIEW', N'MUSHAK_MUSHAK_2_3_CAN_VIEW', 1, NULL, NULL)
INSERT [dbo].[Rights] ([RightId], [RightName], [Description], [IsActive], [CreatedBy], [CreatedTime]) VALUES (166, N'MUSHAK_MUSHAK_4_3', N'MUSHAK_MUSHAK_4_3', 1, NULL, NULL)
INSERT [dbo].[Rights] ([RightId], [RightName], [Description], [IsActive], [CreatedBy], [CreatedTime]) VALUES (167, N'MUSHAK_MUSHAK_4_3_CAN_VIEW', N'MUSHAK_MUSHAK_4_3_CAN_VIEW', 1, NULL, NULL)
INSERT [dbo].[Rights] ([RightId], [RightName], [Description], [IsActive], [CreatedBy], [CreatedTime]) VALUES (168, N'MUSHAK_MUSHAK_6_1', N'MUSHAK_MUSHAK_6_1', 1, NULL, NULL)
INSERT [dbo].[Rights] ([RightId], [RightName], [Description], [IsActive], [CreatedBy], [CreatedTime]) VALUES (169, N'MUSHAK_MUSHAK_6_1_CAN_VIEW', N'MUSHAK_MUSHAK_6_1_CAN_VIEW', 1, NULL, NULL)
INSERT [dbo].[Rights] ([RightId], [RightName], [Description], [IsActive], [CreatedBy], [CreatedTime]) VALUES (170, N'MUSHAK_MUSHAK_6_2_1', N'MUSHAK_MUSHAK_6_2_1', 1, NULL, NULL)
INSERT [dbo].[Rights] ([RightId], [RightName], [Description], [IsActive], [CreatedBy], [CreatedTime]) VALUES (171, N'MUSHAK_MUSHAK_6_2_1_CAN_VIEW', N'MUSHAK_MUSHAK_6_2_1_CAN_VIEW', 1, NULL, NULL)
INSERT [dbo].[Rights] ([RightId], [RightName], [Description], [IsActive], [CreatedBy], [CreatedTime]) VALUES (172, N'MUSHAK_MUSHAK_6_2', N'MUSHAK_MUSHAK_6_2', 1, NULL, NULL)
INSERT [dbo].[Rights] ([RightId], [RightName], [Description], [IsActive], [CreatedBy], [CreatedTime]) VALUES (173, N'MUSHAK_MUSHAK_6_2_CAN_VIEW', N'MUSHAK_MUSHAK_6_2_CAN_VIEW', 1, NULL, NULL)
INSERT [dbo].[Rights] ([RightId], [RightName], [Description], [IsActive], [CreatedBy], [CreatedTime]) VALUES (174, N'MUSHAK_MUSHAK_6_3', N'MUSHAK_MUSHAK_6_3', 1, NULL, NULL)
INSERT [dbo].[Rights] ([RightId], [RightName], [Description], [IsActive], [CreatedBy], [CreatedTime]) VALUES (175, N'MUSHAK_MUSHAK_6_3_CAN_VIEW', N'MUSHAK_MUSHAK_6_3_CAN_VIEW', 1, NULL, NULL)
INSERT [dbo].[Rights] ([RightId], [RightName], [Description], [IsActive], [CreatedBy], [CreatedTime]) VALUES (176, N'MUSHAK_MUSHAK_6_5', N'MUSHAK_MUSHAK_6_5', 1, NULL, NULL)
INSERT [dbo].[Rights] ([RightId], [RightName], [Description], [IsActive], [CreatedBy], [CreatedTime]) VALUES (177, N'MUSHAK_MUSHAK_6_5_CAN_VIEW', N'MUSHAK_MUSHAK_6_5_CAN_VIEW', 1, NULL, NULL)
INSERT [dbo].[Rights] ([RightId], [RightName], [Description], [IsActive], [CreatedBy], [CreatedTime]) VALUES (178, N'MUSHAK_MUSHAK_6_10', N'MUSHAK_MUSHAK_6_10', 1, NULL, NULL)
INSERT [dbo].[Rights] ([RightId], [RightName], [Description], [IsActive], [CreatedBy], [CreatedTime]) VALUES (179, N'MUSHAK_MUSHAK_6_10_CAN_VIEW', N'MUSHAK_MUSHAK_6_10_CAN_VIEW', 1, NULL, NULL)
INSERT [dbo].[Rights] ([RightId], [RightName], [Description], [IsActive], [CreatedBy], [CreatedTime]) VALUES (180, N'MUSHAK_MUSHAK_9_1', N'MUSHAK_MUSHAK_9_1', 1, NULL, NULL)
INSERT [dbo].[Rights] ([RightId], [RightName], [Description], [IsActive], [CreatedBy], [CreatedTime]) VALUES (181, N'MUSHAK_MUSHAK_9_1_CAN_VIEW', N'MUSHAK_MUSHAK_9_1_CAN_VIEW', 1, NULL, NULL)
INSERT [dbo].[Rights] ([RightId], [RightName], [Description], [IsActive], [CreatedBy], [CreatedTime]) VALUES (182, N'MUSHAK_MUSHAK_9_2', N'MUSHAK_MUSHAK_9_2', 1, NULL, NULL)
INSERT [dbo].[Rights] ([RightId], [RightName], [Description], [IsActive], [CreatedBy], [CreatedTime]) VALUES (183, N'MUSHAK_MUSHAK_9_2_CAN_VIEW', N'MUSHAK_MUSHAK_9_2_CAN_VIEW', 1, NULL, NULL)
INSERT [dbo].[Rights] ([RightId], [RightName], [Description], [IsActive], [CreatedBy], [CreatedTime]) VALUES (184, N'AUDIT', N'AUDIT', 1, NULL, NULL)
INSERT [dbo].[Rights] ([RightId], [RightName], [Description], [IsActive], [CreatedBy], [CreatedTime]) VALUES (185, N'AUDIT_LOGS_CAN_VIEW', N'AUDIT_LOGS_CAN_VIEW', 1, NULL, NULL)
INSERT [dbo].[Rights] ([RightId], [RightName], [Description], [IsActive], [CreatedBy], [CreatedTime]) VALUES (186, N'AUDIT_LOGS_CAN_SEARCH', N'AUDIT_LOGS_CAN_SEARCH', 1, NULL, NULL)
INSERT [dbo].[Rights] ([RightId], [RightName], [Description], [IsActive], [CreatedBy], [CreatedTime]) VALUES (187, N'AUDIT_LOGS_CAN_VIEW_DETAILS', N'AUDIT_LOGS_CAN_VIEW_DETAILS', 1, NULL, NULL)
INSERT [dbo].[Rights] ([RightId], [RightName], [Description], [IsActive], [CreatedBy], [CreatedTime]) VALUES (188, N'IS_NBR_USER', N'IS_NBR_USER', 1, NULL, NULL)
SET IDENTITY_INSERT [dbo].[Rights] OFF
SET IDENTITY_INSERT [dbo].[RoleRights] ON 

INSERT [dbo].[RoleRights] ([RoleRightId], [RoleId], [RightId], [CreatedBy], [CreatedTime]) VALUES (1, 1, 1, NULL, NULL)
INSERT [dbo].[RoleRights] ([RoleRightId], [RoleId], [RightId], [CreatedBy], [CreatedTime]) VALUES (2, 1, 2, NULL, NULL)
INSERT [dbo].[RoleRights] ([RoleRightId], [RoleId], [RightId], [CreatedBy], [CreatedTime]) VALUES (3, 1, 3, NULL, NULL)
INSERT [dbo].[RoleRights] ([RoleRightId], [RoleId], [RightId], [CreatedBy], [CreatedTime]) VALUES (4, 1, 4, NULL, NULL)
INSERT [dbo].[RoleRights] ([RoleRightId], [RoleId], [RightId], [CreatedBy], [CreatedTime]) VALUES (5, 1, 5, NULL, NULL)
INSERT [dbo].[RoleRights] ([RoleRightId], [RoleId], [RightId], [CreatedBy], [CreatedTime]) VALUES (6, 1, 6, NULL, NULL)
INSERT [dbo].[RoleRights] ([RoleRightId], [RoleId], [RightId], [CreatedBy], [CreatedTime]) VALUES (7, 1, 7, NULL, NULL)
INSERT [dbo].[RoleRights] ([RoleRightId], [RoleId], [RightId], [CreatedBy], [CreatedTime]) VALUES (8, 1, 8, NULL, NULL)
INSERT [dbo].[RoleRights] ([RoleRightId], [RoleId], [RightId], [CreatedBy], [CreatedTime]) VALUES (9, 1, 9, NULL, NULL)
INSERT [dbo].[RoleRights] ([RoleRightId], [RoleId], [RightId], [CreatedBy], [CreatedTime]) VALUES (10, 1, 10, NULL, NULL)
INSERT [dbo].[RoleRights] ([RoleRightId], [RoleId], [RightId], [CreatedBy], [CreatedTime]) VALUES (11, 1, 11, NULL, NULL)
INSERT [dbo].[RoleRights] ([RoleRightId], [RoleId], [RightId], [CreatedBy], [CreatedTime]) VALUES (12, 1, 12, NULL, NULL)
INSERT [dbo].[RoleRights] ([RoleRightId], [RoleId], [RightId], [CreatedBy], [CreatedTime]) VALUES (13, 1, 13, NULL, NULL)
INSERT [dbo].[RoleRights] ([RoleRightId], [RoleId], [RightId], [CreatedBy], [CreatedTime]) VALUES (14, 1, 14, NULL, NULL)
INSERT [dbo].[RoleRights] ([RoleRightId], [RoleId], [RightId], [CreatedBy], [CreatedTime]) VALUES (15, 1, 15, NULL, NULL)
INSERT [dbo].[RoleRights] ([RoleRightId], [RoleId], [RightId], [CreatedBy], [CreatedTime]) VALUES (16, 1, 16, NULL, NULL)
INSERT [dbo].[RoleRights] ([RoleRightId], [RoleId], [RightId], [CreatedBy], [CreatedTime]) VALUES (17, 1, 17, NULL, NULL)
INSERT [dbo].[RoleRights] ([RoleRightId], [RoleId], [RightId], [CreatedBy], [CreatedTime]) VALUES (18, 1, 18, NULL, NULL)
INSERT [dbo].[RoleRights] ([RoleRightId], [RoleId], [RightId], [CreatedBy], [CreatedTime]) VALUES (19, 1, 19, NULL, NULL)
INSERT [dbo].[RoleRights] ([RoleRightId], [RoleId], [RightId], [CreatedBy], [CreatedTime]) VALUES (20, 1, 20, NULL, NULL)
INSERT [dbo].[RoleRights] ([RoleRightId], [RoleId], [RightId], [CreatedBy], [CreatedTime]) VALUES (21, 1, 21, NULL, NULL)
INSERT [dbo].[RoleRights] ([RoleRightId], [RoleId], [RightId], [CreatedBy], [CreatedTime]) VALUES (22, 1, 22, NULL, NULL)
INSERT [dbo].[RoleRights] ([RoleRightId], [RoleId], [RightId], [CreatedBy], [CreatedTime]) VALUES (23, 1, 23, NULL, NULL)
INSERT [dbo].[RoleRights] ([RoleRightId], [RoleId], [RightId], [CreatedBy], [CreatedTime]) VALUES (24, 1, 24, NULL, NULL)
INSERT [dbo].[RoleRights] ([RoleRightId], [RoleId], [RightId], [CreatedBy], [CreatedTime]) VALUES (25, 1, 25, NULL, NULL)
INSERT [dbo].[RoleRights] ([RoleRightId], [RoleId], [RightId], [CreatedBy], [CreatedTime]) VALUES (26, 1, 26, NULL, NULL)
INSERT [dbo].[RoleRights] ([RoleRightId], [RoleId], [RightId], [CreatedBy], [CreatedTime]) VALUES (27, 1, 27, NULL, NULL)
INSERT [dbo].[RoleRights] ([RoleRightId], [RoleId], [RightId], [CreatedBy], [CreatedTime]) VALUES (28, 1, 28, NULL, NULL)
INSERT [dbo].[RoleRights] ([RoleRightId], [RoleId], [RightId], [CreatedBy], [CreatedTime]) VALUES (29, 1, 29, NULL, NULL)
INSERT [dbo].[RoleRights] ([RoleRightId], [RoleId], [RightId], [CreatedBy], [CreatedTime]) VALUES (30, 1, 30, NULL, NULL)
INSERT [dbo].[RoleRights] ([RoleRightId], [RoleId], [RightId], [CreatedBy], [CreatedTime]) VALUES (31, 1, 31, NULL, NULL)
INSERT [dbo].[RoleRights] ([RoleRightId], [RoleId], [RightId], [CreatedBy], [CreatedTime]) VALUES (32, 1, 32, NULL, NULL)
INSERT [dbo].[RoleRights] ([RoleRightId], [RoleId], [RightId], [CreatedBy], [CreatedTime]) VALUES (33, 1, 33, NULL, NULL)
INSERT [dbo].[RoleRights] ([RoleRightId], [RoleId], [RightId], [CreatedBy], [CreatedTime]) VALUES (34, 1, 34, NULL, NULL)
INSERT [dbo].[RoleRights] ([RoleRightId], [RoleId], [RightId], [CreatedBy], [CreatedTime]) VALUES (35, 1, 35, NULL, NULL)
INSERT [dbo].[RoleRights] ([RoleRightId], [RoleId], [RightId], [CreatedBy], [CreatedTime]) VALUES (36, 1, 36, NULL, NULL)
INSERT [dbo].[RoleRights] ([RoleRightId], [RoleId], [RightId], [CreatedBy], [CreatedTime]) VALUES (37, 1, 37, NULL, NULL)
INSERT [dbo].[RoleRights] ([RoleRightId], [RoleId], [RightId], [CreatedBy], [CreatedTime]) VALUES (38, 1, 38, NULL, NULL)
INSERT [dbo].[RoleRights] ([RoleRightId], [RoleId], [RightId], [CreatedBy], [CreatedTime]) VALUES (39, 1, 39, NULL, NULL)
INSERT [dbo].[RoleRights] ([RoleRightId], [RoleId], [RightId], [CreatedBy], [CreatedTime]) VALUES (40, 1, 40, NULL, NULL)
INSERT [dbo].[RoleRights] ([RoleRightId], [RoleId], [RightId], [CreatedBy], [CreatedTime]) VALUES (41, 1, 41, NULL, NULL)
INSERT [dbo].[RoleRights] ([RoleRightId], [RoleId], [RightId], [CreatedBy], [CreatedTime]) VALUES (42, 1, 42, NULL, NULL)
INSERT [dbo].[RoleRights] ([RoleRightId], [RoleId], [RightId], [CreatedBy], [CreatedTime]) VALUES (43, 1, 43, NULL, NULL)
INSERT [dbo].[RoleRights] ([RoleRightId], [RoleId], [RightId], [CreatedBy], [CreatedTime]) VALUES (44, 1, 44, NULL, NULL)
INSERT [dbo].[RoleRights] ([RoleRightId], [RoleId], [RightId], [CreatedBy], [CreatedTime]) VALUES (45, 1, 45, NULL, NULL)
INSERT [dbo].[RoleRights] ([RoleRightId], [RoleId], [RightId], [CreatedBy], [CreatedTime]) VALUES (46, 1, 46, NULL, NULL)
INSERT [dbo].[RoleRights] ([RoleRightId], [RoleId], [RightId], [CreatedBy], [CreatedTime]) VALUES (47, 1, 47, NULL, NULL)
INSERT [dbo].[RoleRights] ([RoleRightId], [RoleId], [RightId], [CreatedBy], [CreatedTime]) VALUES (48, 1, 48, NULL, NULL)
INSERT [dbo].[RoleRights] ([RoleRightId], [RoleId], [RightId], [CreatedBy], [CreatedTime]) VALUES (49, 1, 49, NULL, NULL)
INSERT [dbo].[RoleRights] ([RoleRightId], [RoleId], [RightId], [CreatedBy], [CreatedTime]) VALUES (50, 1, 50, NULL, NULL)
INSERT [dbo].[RoleRights] ([RoleRightId], [RoleId], [RightId], [CreatedBy], [CreatedTime]) VALUES (51, 1, 51, NULL, NULL)
INSERT [dbo].[RoleRights] ([RoleRightId], [RoleId], [RightId], [CreatedBy], [CreatedTime]) VALUES (52, 1, 52, NULL, NULL)
INSERT [dbo].[RoleRights] ([RoleRightId], [RoleId], [RightId], [CreatedBy], [CreatedTime]) VALUES (53, 1, 53, NULL, NULL)
INSERT [dbo].[RoleRights] ([RoleRightId], [RoleId], [RightId], [CreatedBy], [CreatedTime]) VALUES (54, 1, 54, NULL, NULL)
INSERT [dbo].[RoleRights] ([RoleRightId], [RoleId], [RightId], [CreatedBy], [CreatedTime]) VALUES (55, 1, 55, NULL, NULL)
INSERT [dbo].[RoleRights] ([RoleRightId], [RoleId], [RightId], [CreatedBy], [CreatedTime]) VALUES (56, 1, 56, NULL, NULL)
INSERT [dbo].[RoleRights] ([RoleRightId], [RoleId], [RightId], [CreatedBy], [CreatedTime]) VALUES (57, 1, 57, NULL, NULL)
INSERT [dbo].[RoleRights] ([RoleRightId], [RoleId], [RightId], [CreatedBy], [CreatedTime]) VALUES (58, 1, 58, NULL, NULL)
INSERT [dbo].[RoleRights] ([RoleRightId], [RoleId], [RightId], [CreatedBy], [CreatedTime]) VALUES (59, 1, 59, NULL, NULL)
INSERT [dbo].[RoleRights] ([RoleRightId], [RoleId], [RightId], [CreatedBy], [CreatedTime]) VALUES (60, 1, 60, NULL, NULL)
INSERT [dbo].[RoleRights] ([RoleRightId], [RoleId], [RightId], [CreatedBy], [CreatedTime]) VALUES (61, 1, 61, NULL, NULL)
INSERT [dbo].[RoleRights] ([RoleRightId], [RoleId], [RightId], [CreatedBy], [CreatedTime]) VALUES (62, 1, 62, NULL, NULL)
INSERT [dbo].[RoleRights] ([RoleRightId], [RoleId], [RightId], [CreatedBy], [CreatedTime]) VALUES (63, 1, 63, NULL, NULL)
INSERT [dbo].[RoleRights] ([RoleRightId], [RoleId], [RightId], [CreatedBy], [CreatedTime]) VALUES (64, 1, 64, NULL, NULL)
INSERT [dbo].[RoleRights] ([RoleRightId], [RoleId], [RightId], [CreatedBy], [CreatedTime]) VALUES (65, 1, 65, NULL, NULL)
INSERT [dbo].[RoleRights] ([RoleRightId], [RoleId], [RightId], [CreatedBy], [CreatedTime]) VALUES (66, 1, 66, NULL, NULL)
INSERT [dbo].[RoleRights] ([RoleRightId], [RoleId], [RightId], [CreatedBy], [CreatedTime]) VALUES (67, 1, 67, NULL, NULL)
INSERT [dbo].[RoleRights] ([RoleRightId], [RoleId], [RightId], [CreatedBy], [CreatedTime]) VALUES (68, 1, 68, NULL, NULL)
INSERT [dbo].[RoleRights] ([RoleRightId], [RoleId], [RightId], [CreatedBy], [CreatedTime]) VALUES (69, 1, 69, NULL, NULL)
INSERT [dbo].[RoleRights] ([RoleRightId], [RoleId], [RightId], [CreatedBy], [CreatedTime]) VALUES (70, 1, 70, NULL, NULL)
INSERT [dbo].[RoleRights] ([RoleRightId], [RoleId], [RightId], [CreatedBy], [CreatedTime]) VALUES (71, 1, 71, NULL, NULL)
INSERT [dbo].[RoleRights] ([RoleRightId], [RoleId], [RightId], [CreatedBy], [CreatedTime]) VALUES (72, 1, 72, NULL, NULL)
INSERT [dbo].[RoleRights] ([RoleRightId], [RoleId], [RightId], [CreatedBy], [CreatedTime]) VALUES (73, 1, 73, NULL, NULL)
INSERT [dbo].[RoleRights] ([RoleRightId], [RoleId], [RightId], [CreatedBy], [CreatedTime]) VALUES (74, 1, 74, NULL, NULL)
INSERT [dbo].[RoleRights] ([RoleRightId], [RoleId], [RightId], [CreatedBy], [CreatedTime]) VALUES (75, 1, 75, NULL, NULL)
INSERT [dbo].[RoleRights] ([RoleRightId], [RoleId], [RightId], [CreatedBy], [CreatedTime]) VALUES (76, 1, 76, NULL, NULL)
INSERT [dbo].[RoleRights] ([RoleRightId], [RoleId], [RightId], [CreatedBy], [CreatedTime]) VALUES (77, 1, 77, NULL, NULL)
INSERT [dbo].[RoleRights] ([RoleRightId], [RoleId], [RightId], [CreatedBy], [CreatedTime]) VALUES (78, 1, 78, NULL, NULL)
INSERT [dbo].[RoleRights] ([RoleRightId], [RoleId], [RightId], [CreatedBy], [CreatedTime]) VALUES (79, 1, 79, NULL, NULL)
INSERT [dbo].[RoleRights] ([RoleRightId], [RoleId], [RightId], [CreatedBy], [CreatedTime]) VALUES (80, 1, 80, NULL, NULL)
INSERT [dbo].[RoleRights] ([RoleRightId], [RoleId], [RightId], [CreatedBy], [CreatedTime]) VALUES (81, 1, 81, NULL, NULL)
INSERT [dbo].[RoleRights] ([RoleRightId], [RoleId], [RightId], [CreatedBy], [CreatedTime]) VALUES (82, 1, 82, NULL, NULL)
INSERT [dbo].[RoleRights] ([RoleRightId], [RoleId], [RightId], [CreatedBy], [CreatedTime]) VALUES (83, 1, 83, NULL, NULL)
INSERT [dbo].[RoleRights] ([RoleRightId], [RoleId], [RightId], [CreatedBy], [CreatedTime]) VALUES (84, 1, 84, NULL, NULL)
INSERT [dbo].[RoleRights] ([RoleRightId], [RoleId], [RightId], [CreatedBy], [CreatedTime]) VALUES (85, 1, 85, NULL, NULL)
INSERT [dbo].[RoleRights] ([RoleRightId], [RoleId], [RightId], [CreatedBy], [CreatedTime]) VALUES (86, 1, 86, NULL, NULL)
INSERT [dbo].[RoleRights] ([RoleRightId], [RoleId], [RightId], [CreatedBy], [CreatedTime]) VALUES (87, 1, 87, NULL, NULL)
INSERT [dbo].[RoleRights] ([RoleRightId], [RoleId], [RightId], [CreatedBy], [CreatedTime]) VALUES (88, 1, 88, NULL, NULL)
INSERT [dbo].[RoleRights] ([RoleRightId], [RoleId], [RightId], [CreatedBy], [CreatedTime]) VALUES (89, 1, 89, NULL, NULL)
INSERT [dbo].[RoleRights] ([RoleRightId], [RoleId], [RightId], [CreatedBy], [CreatedTime]) VALUES (90, 1, 90, NULL, NULL)
INSERT [dbo].[RoleRights] ([RoleRightId], [RoleId], [RightId], [CreatedBy], [CreatedTime]) VALUES (91, 1, 91, NULL, NULL)
INSERT [dbo].[RoleRights] ([RoleRightId], [RoleId], [RightId], [CreatedBy], [CreatedTime]) VALUES (92, 1, 92, NULL, NULL)
INSERT [dbo].[RoleRights] ([RoleRightId], [RoleId], [RightId], [CreatedBy], [CreatedTime]) VALUES (93, 1, 93, NULL, NULL)
INSERT [dbo].[RoleRights] ([RoleRightId], [RoleId], [RightId], [CreatedBy], [CreatedTime]) VALUES (94, 1, 94, NULL, NULL)
INSERT [dbo].[RoleRights] ([RoleRightId], [RoleId], [RightId], [CreatedBy], [CreatedTime]) VALUES (95, 1, 95, NULL, NULL)
INSERT [dbo].[RoleRights] ([RoleRightId], [RoleId], [RightId], [CreatedBy], [CreatedTime]) VALUES (96, 1, 96, NULL, NULL)
INSERT [dbo].[RoleRights] ([RoleRightId], [RoleId], [RightId], [CreatedBy], [CreatedTime]) VALUES (97, 1, 97, NULL, NULL)
INSERT [dbo].[RoleRights] ([RoleRightId], [RoleId], [RightId], [CreatedBy], [CreatedTime]) VALUES (98, 1, 98, NULL, NULL)
INSERT [dbo].[RoleRights] ([RoleRightId], [RoleId], [RightId], [CreatedBy], [CreatedTime]) VALUES (99, 1, 99, NULL, NULL)
GO
INSERT [dbo].[RoleRights] ([RoleRightId], [RoleId], [RightId], [CreatedBy], [CreatedTime]) VALUES (100, 1, 100, NULL, NULL)
INSERT [dbo].[RoleRights] ([RoleRightId], [RoleId], [RightId], [CreatedBy], [CreatedTime]) VALUES (101, 1, 101, NULL, NULL)
INSERT [dbo].[RoleRights] ([RoleRightId], [RoleId], [RightId], [CreatedBy], [CreatedTime]) VALUES (102, 1, 102, NULL, NULL)
INSERT [dbo].[RoleRights] ([RoleRightId], [RoleId], [RightId], [CreatedBy], [CreatedTime]) VALUES (103, 1, 103, NULL, NULL)
INSERT [dbo].[RoleRights] ([RoleRightId], [RoleId], [RightId], [CreatedBy], [CreatedTime]) VALUES (104, 1, 104, NULL, NULL)
INSERT [dbo].[RoleRights] ([RoleRightId], [RoleId], [RightId], [CreatedBy], [CreatedTime]) VALUES (105, 1, 105, NULL, NULL)
INSERT [dbo].[RoleRights] ([RoleRightId], [RoleId], [RightId], [CreatedBy], [CreatedTime]) VALUES (106, 1, 106, NULL, NULL)
INSERT [dbo].[RoleRights] ([RoleRightId], [RoleId], [RightId], [CreatedBy], [CreatedTime]) VALUES (107, 1, 107, NULL, NULL)
INSERT [dbo].[RoleRights] ([RoleRightId], [RoleId], [RightId], [CreatedBy], [CreatedTime]) VALUES (108, 1, 108, NULL, NULL)
INSERT [dbo].[RoleRights] ([RoleRightId], [RoleId], [RightId], [CreatedBy], [CreatedTime]) VALUES (109, 1, 109, NULL, NULL)
INSERT [dbo].[RoleRights] ([RoleRightId], [RoleId], [RightId], [CreatedBy], [CreatedTime]) VALUES (110, 1, 110, NULL, NULL)
INSERT [dbo].[RoleRights] ([RoleRightId], [RoleId], [RightId], [CreatedBy], [CreatedTime]) VALUES (111, 1, 111, NULL, NULL)
INSERT [dbo].[RoleRights] ([RoleRightId], [RoleId], [RightId], [CreatedBy], [CreatedTime]) VALUES (112, 1, 112, NULL, NULL)
INSERT [dbo].[RoleRights] ([RoleRightId], [RoleId], [RightId], [CreatedBy], [CreatedTime]) VALUES (113, 1, 113, NULL, NULL)
INSERT [dbo].[RoleRights] ([RoleRightId], [RoleId], [RightId], [CreatedBy], [CreatedTime]) VALUES (114, 1, 114, NULL, NULL)
INSERT [dbo].[RoleRights] ([RoleRightId], [RoleId], [RightId], [CreatedBy], [CreatedTime]) VALUES (115, 1, 115, NULL, NULL)
INSERT [dbo].[RoleRights] ([RoleRightId], [RoleId], [RightId], [CreatedBy], [CreatedTime]) VALUES (116, 1, 116, NULL, NULL)
INSERT [dbo].[RoleRights] ([RoleRightId], [RoleId], [RightId], [CreatedBy], [CreatedTime]) VALUES (117, 1, 117, NULL, NULL)
INSERT [dbo].[RoleRights] ([RoleRightId], [RoleId], [RightId], [CreatedBy], [CreatedTime]) VALUES (118, 1, 118, NULL, NULL)
INSERT [dbo].[RoleRights] ([RoleRightId], [RoleId], [RightId], [CreatedBy], [CreatedTime]) VALUES (119, 1, 119, NULL, NULL)
INSERT [dbo].[RoleRights] ([RoleRightId], [RoleId], [RightId], [CreatedBy], [CreatedTime]) VALUES (120, 1, 120, NULL, NULL)
INSERT [dbo].[RoleRights] ([RoleRightId], [RoleId], [RightId], [CreatedBy], [CreatedTime]) VALUES (121, 1, 121, NULL, NULL)
INSERT [dbo].[RoleRights] ([RoleRightId], [RoleId], [RightId], [CreatedBy], [CreatedTime]) VALUES (122, 1, 122, NULL, NULL)
INSERT [dbo].[RoleRights] ([RoleRightId], [RoleId], [RightId], [CreatedBy], [CreatedTime]) VALUES (123, 1, 123, NULL, NULL)
INSERT [dbo].[RoleRights] ([RoleRightId], [RoleId], [RightId], [CreatedBy], [CreatedTime]) VALUES (124, 1, 124, NULL, NULL)
INSERT [dbo].[RoleRights] ([RoleRightId], [RoleId], [RightId], [CreatedBy], [CreatedTime]) VALUES (125, 1, 125, NULL, NULL)
INSERT [dbo].[RoleRights] ([RoleRightId], [RoleId], [RightId], [CreatedBy], [CreatedTime]) VALUES (126, 1, 126, NULL, NULL)
INSERT [dbo].[RoleRights] ([RoleRightId], [RoleId], [RightId], [CreatedBy], [CreatedTime]) VALUES (127, 1, 127, NULL, NULL)
INSERT [dbo].[RoleRights] ([RoleRightId], [RoleId], [RightId], [CreatedBy], [CreatedTime]) VALUES (128, 1, 128, NULL, NULL)
INSERT [dbo].[RoleRights] ([RoleRightId], [RoleId], [RightId], [CreatedBy], [CreatedTime]) VALUES (129, 1, 129, NULL, NULL)
INSERT [dbo].[RoleRights] ([RoleRightId], [RoleId], [RightId], [CreatedBy], [CreatedTime]) VALUES (130, 1, 130, NULL, NULL)
INSERT [dbo].[RoleRights] ([RoleRightId], [RoleId], [RightId], [CreatedBy], [CreatedTime]) VALUES (131, 1, 131, NULL, NULL)
INSERT [dbo].[RoleRights] ([RoleRightId], [RoleId], [RightId], [CreatedBy], [CreatedTime]) VALUES (132, 1, 132, NULL, NULL)
INSERT [dbo].[RoleRights] ([RoleRightId], [RoleId], [RightId], [CreatedBy], [CreatedTime]) VALUES (133, 1, 133, NULL, NULL)
INSERT [dbo].[RoleRights] ([RoleRightId], [RoleId], [RightId], [CreatedBy], [CreatedTime]) VALUES (134, 1, 134, NULL, NULL)
INSERT [dbo].[RoleRights] ([RoleRightId], [RoleId], [RightId], [CreatedBy], [CreatedTime]) VALUES (135, 1, 135, NULL, NULL)
INSERT [dbo].[RoleRights] ([RoleRightId], [RoleId], [RightId], [CreatedBy], [CreatedTime]) VALUES (136, 1, 136, NULL, NULL)
INSERT [dbo].[RoleRights] ([RoleRightId], [RoleId], [RightId], [CreatedBy], [CreatedTime]) VALUES (137, 1, 137, NULL, NULL)
INSERT [dbo].[RoleRights] ([RoleRightId], [RoleId], [RightId], [CreatedBy], [CreatedTime]) VALUES (138, 1, 138, NULL, NULL)
INSERT [dbo].[RoleRights] ([RoleRightId], [RoleId], [RightId], [CreatedBy], [CreatedTime]) VALUES (139, 1, 139, NULL, NULL)
INSERT [dbo].[RoleRights] ([RoleRightId], [RoleId], [RightId], [CreatedBy], [CreatedTime]) VALUES (140, 1, 140, NULL, NULL)
INSERT [dbo].[RoleRights] ([RoleRightId], [RoleId], [RightId], [CreatedBy], [CreatedTime]) VALUES (141, 1, 141, NULL, NULL)
INSERT [dbo].[RoleRights] ([RoleRightId], [RoleId], [RightId], [CreatedBy], [CreatedTime]) VALUES (142, 1, 142, NULL, NULL)
INSERT [dbo].[RoleRights] ([RoleRightId], [RoleId], [RightId], [CreatedBy], [CreatedTime]) VALUES (143, 1, 143, NULL, NULL)
INSERT [dbo].[RoleRights] ([RoleRightId], [RoleId], [RightId], [CreatedBy], [CreatedTime]) VALUES (144, 1, 144, NULL, NULL)
INSERT [dbo].[RoleRights] ([RoleRightId], [RoleId], [RightId], [CreatedBy], [CreatedTime]) VALUES (145, 1, 145, NULL, NULL)
INSERT [dbo].[RoleRights] ([RoleRightId], [RoleId], [RightId], [CreatedBy], [CreatedTime]) VALUES (146, 1, 146, NULL, NULL)
INSERT [dbo].[RoleRights] ([RoleRightId], [RoleId], [RightId], [CreatedBy], [CreatedTime]) VALUES (147, 1, 147, NULL, NULL)
INSERT [dbo].[RoleRights] ([RoleRightId], [RoleId], [RightId], [CreatedBy], [CreatedTime]) VALUES (148, 1, 148, NULL, NULL)
INSERT [dbo].[RoleRights] ([RoleRightId], [RoleId], [RightId], [CreatedBy], [CreatedTime]) VALUES (149, 1, 149, NULL, NULL)
INSERT [dbo].[RoleRights] ([RoleRightId], [RoleId], [RightId], [CreatedBy], [CreatedTime]) VALUES (150, 1, 150, NULL, NULL)
INSERT [dbo].[RoleRights] ([RoleRightId], [RoleId], [RightId], [CreatedBy], [CreatedTime]) VALUES (151, 1, 151, NULL, NULL)
INSERT [dbo].[RoleRights] ([RoleRightId], [RoleId], [RightId], [CreatedBy], [CreatedTime]) VALUES (152, 1, 152, NULL, NULL)
INSERT [dbo].[RoleRights] ([RoleRightId], [RoleId], [RightId], [CreatedBy], [CreatedTime]) VALUES (153, 1, 153, NULL, NULL)
INSERT [dbo].[RoleRights] ([RoleRightId], [RoleId], [RightId], [CreatedBy], [CreatedTime]) VALUES (154, 1, 154, NULL, NULL)
INSERT [dbo].[RoleRights] ([RoleRightId], [RoleId], [RightId], [CreatedBy], [CreatedTime]) VALUES (155, 1, 155, NULL, NULL)
INSERT [dbo].[RoleRights] ([RoleRightId], [RoleId], [RightId], [CreatedBy], [CreatedTime]) VALUES (156, 1, 156, NULL, NULL)
INSERT [dbo].[RoleRights] ([RoleRightId], [RoleId], [RightId], [CreatedBy], [CreatedTime]) VALUES (157, 1, 157, NULL, NULL)
INSERT [dbo].[RoleRights] ([RoleRightId], [RoleId], [RightId], [CreatedBy], [CreatedTime]) VALUES (158, 1, 158, NULL, NULL)
INSERT [dbo].[RoleRights] ([RoleRightId], [RoleId], [RightId], [CreatedBy], [CreatedTime]) VALUES (159, 1, 159, NULL, NULL)
INSERT [dbo].[RoleRights] ([RoleRightId], [RoleId], [RightId], [CreatedBy], [CreatedTime]) VALUES (160, 1, 160, NULL, NULL)
INSERT [dbo].[RoleRights] ([RoleRightId], [RoleId], [RightId], [CreatedBy], [CreatedTime]) VALUES (161, 1, 161, NULL, NULL)
INSERT [dbo].[RoleRights] ([RoleRightId], [RoleId], [RightId], [CreatedBy], [CreatedTime]) VALUES (162, 1, 162, NULL, NULL)
INSERT [dbo].[RoleRights] ([RoleRightId], [RoleId], [RightId], [CreatedBy], [CreatedTime]) VALUES (163, 1, 163, NULL, NULL)
INSERT [dbo].[RoleRights] ([RoleRightId], [RoleId], [RightId], [CreatedBy], [CreatedTime]) VALUES (164, 1, 164, NULL, NULL)
INSERT [dbo].[RoleRights] ([RoleRightId], [RoleId], [RightId], [CreatedBy], [CreatedTime]) VALUES (165, 1, 165, NULL, NULL)
INSERT [dbo].[RoleRights] ([RoleRightId], [RoleId], [RightId], [CreatedBy], [CreatedTime]) VALUES (166, 1, 166, NULL, NULL)
INSERT [dbo].[RoleRights] ([RoleRightId], [RoleId], [RightId], [CreatedBy], [CreatedTime]) VALUES (167, 1, 167, NULL, NULL)
INSERT [dbo].[RoleRights] ([RoleRightId], [RoleId], [RightId], [CreatedBy], [CreatedTime]) VALUES (168, 1, 168, NULL, NULL)
INSERT [dbo].[RoleRights] ([RoleRightId], [RoleId], [RightId], [CreatedBy], [CreatedTime]) VALUES (169, 1, 169, NULL, NULL)
INSERT [dbo].[RoleRights] ([RoleRightId], [RoleId], [RightId], [CreatedBy], [CreatedTime]) VALUES (170, 1, 170, NULL, NULL)
INSERT [dbo].[RoleRights] ([RoleRightId], [RoleId], [RightId], [CreatedBy], [CreatedTime]) VALUES (171, 1, 171, NULL, NULL)
INSERT [dbo].[RoleRights] ([RoleRightId], [RoleId], [RightId], [CreatedBy], [CreatedTime]) VALUES (172, 1, 172, NULL, NULL)
INSERT [dbo].[RoleRights] ([RoleRightId], [RoleId], [RightId], [CreatedBy], [CreatedTime]) VALUES (173, 1, 173, NULL, NULL)
INSERT [dbo].[RoleRights] ([RoleRightId], [RoleId], [RightId], [CreatedBy], [CreatedTime]) VALUES (174, 1, 174, NULL, NULL)
INSERT [dbo].[RoleRights] ([RoleRightId], [RoleId], [RightId], [CreatedBy], [CreatedTime]) VALUES (175, 1, 175, NULL, NULL)
INSERT [dbo].[RoleRights] ([RoleRightId], [RoleId], [RightId], [CreatedBy], [CreatedTime]) VALUES (176, 1, 176, NULL, NULL)
INSERT [dbo].[RoleRights] ([RoleRightId], [RoleId], [RightId], [CreatedBy], [CreatedTime]) VALUES (177, 1, 177, NULL, NULL)
INSERT [dbo].[RoleRights] ([RoleRightId], [RoleId], [RightId], [CreatedBy], [CreatedTime]) VALUES (178, 1, 178, NULL, NULL)
INSERT [dbo].[RoleRights] ([RoleRightId], [RoleId], [RightId], [CreatedBy], [CreatedTime]) VALUES (179, 1, 179, NULL, NULL)
INSERT [dbo].[RoleRights] ([RoleRightId], [RoleId], [RightId], [CreatedBy], [CreatedTime]) VALUES (180, 2, 1, NULL, NULL)
INSERT [dbo].[RoleRights] ([RoleRightId], [RoleId], [RightId], [CreatedBy], [CreatedTime]) VALUES (181, 2, 2, NULL, NULL)
INSERT [dbo].[RoleRights] ([RoleRightId], [RoleId], [RightId], [CreatedBy], [CreatedTime]) VALUES (182, 2, 3, NULL, NULL)
INSERT [dbo].[RoleRights] ([RoleRightId], [RoleId], [RightId], [CreatedBy], [CreatedTime]) VALUES (183, 2, 4, NULL, NULL)
INSERT [dbo].[RoleRights] ([RoleRightId], [RoleId], [RightId], [CreatedBy], [CreatedTime]) VALUES (184, 2, 5, NULL, NULL)
INSERT [dbo].[RoleRights] ([RoleRightId], [RoleId], [RightId], [CreatedBy], [CreatedTime]) VALUES (185, 2, 6, NULL, NULL)
INSERT [dbo].[RoleRights] ([RoleRightId], [RoleId], [RightId], [CreatedBy], [CreatedTime]) VALUES (186, 2, 7, NULL, NULL)
INSERT [dbo].[RoleRights] ([RoleRightId], [RoleId], [RightId], [CreatedBy], [CreatedTime]) VALUES (187, 2, 8, NULL, NULL)
INSERT [dbo].[RoleRights] ([RoleRightId], [RoleId], [RightId], [CreatedBy], [CreatedTime]) VALUES (188, 2, 9, NULL, NULL)
INSERT [dbo].[RoleRights] ([RoleRightId], [RoleId], [RightId], [CreatedBy], [CreatedTime]) VALUES (189, 2, 10, NULL, NULL)
INSERT [dbo].[RoleRights] ([RoleRightId], [RoleId], [RightId], [CreatedBy], [CreatedTime]) VALUES (190, 2, 11, NULL, NULL)
INSERT [dbo].[RoleRights] ([RoleRightId], [RoleId], [RightId], [CreatedBy], [CreatedTime]) VALUES (191, 2, 12, NULL, NULL)
INSERT [dbo].[RoleRights] ([RoleRightId], [RoleId], [RightId], [CreatedBy], [CreatedTime]) VALUES (192, 2, 13, NULL, NULL)
INSERT [dbo].[RoleRights] ([RoleRightId], [RoleId], [RightId], [CreatedBy], [CreatedTime]) VALUES (193, 2, 14, NULL, NULL)
INSERT [dbo].[RoleRights] ([RoleRightId], [RoleId], [RightId], [CreatedBy], [CreatedTime]) VALUES (194, 2, 15, NULL, NULL)
INSERT [dbo].[RoleRights] ([RoleRightId], [RoleId], [RightId], [CreatedBy], [CreatedTime]) VALUES (195, 2, 16, NULL, NULL)
INSERT [dbo].[RoleRights] ([RoleRightId], [RoleId], [RightId], [CreatedBy], [CreatedTime]) VALUES (196, 2, 17, NULL, NULL)
INSERT [dbo].[RoleRights] ([RoleRightId], [RoleId], [RightId], [CreatedBy], [CreatedTime]) VALUES (197, 2, 18, NULL, NULL)
INSERT [dbo].[RoleRights] ([RoleRightId], [RoleId], [RightId], [CreatedBy], [CreatedTime]) VALUES (198, 2, 19, NULL, NULL)
INSERT [dbo].[RoleRights] ([RoleRightId], [RoleId], [RightId], [CreatedBy], [CreatedTime]) VALUES (199, 2, 20, NULL, NULL)
GO
INSERT [dbo].[RoleRights] ([RoleRightId], [RoleId], [RightId], [CreatedBy], [CreatedTime]) VALUES (200, 2, 21, NULL, NULL)
INSERT [dbo].[RoleRights] ([RoleRightId], [RoleId], [RightId], [CreatedBy], [CreatedTime]) VALUES (201, 2, 22, NULL, NULL)
INSERT [dbo].[RoleRights] ([RoleRightId], [RoleId], [RightId], [CreatedBy], [CreatedTime]) VALUES (202, 2, 23, NULL, NULL)
INSERT [dbo].[RoleRights] ([RoleRightId], [RoleId], [RightId], [CreatedBy], [CreatedTime]) VALUES (203, 2, 24, NULL, NULL)
INSERT [dbo].[RoleRights] ([RoleRightId], [RoleId], [RightId], [CreatedBy], [CreatedTime]) VALUES (204, 2, 25, NULL, NULL)
INSERT [dbo].[RoleRights] ([RoleRightId], [RoleId], [RightId], [CreatedBy], [CreatedTime]) VALUES (205, 2, 26, NULL, NULL)
INSERT [dbo].[RoleRights] ([RoleRightId], [RoleId], [RightId], [CreatedBy], [CreatedTime]) VALUES (206, 2, 27, NULL, NULL)
INSERT [dbo].[RoleRights] ([RoleRightId], [RoleId], [RightId], [CreatedBy], [CreatedTime]) VALUES (207, 2, 28, NULL, NULL)
INSERT [dbo].[RoleRights] ([RoleRightId], [RoleId], [RightId], [CreatedBy], [CreatedTime]) VALUES (208, 2, 29, NULL, NULL)
INSERT [dbo].[RoleRights] ([RoleRightId], [RoleId], [RightId], [CreatedBy], [CreatedTime]) VALUES (209, 2, 30, NULL, NULL)
INSERT [dbo].[RoleRights] ([RoleRightId], [RoleId], [RightId], [CreatedBy], [CreatedTime]) VALUES (210, 2, 31, NULL, NULL)
INSERT [dbo].[RoleRights] ([RoleRightId], [RoleId], [RightId], [CreatedBy], [CreatedTime]) VALUES (211, 2, 32, NULL, NULL)
INSERT [dbo].[RoleRights] ([RoleRightId], [RoleId], [RightId], [CreatedBy], [CreatedTime]) VALUES (212, 2, 33, NULL, NULL)
INSERT [dbo].[RoleRights] ([RoleRightId], [RoleId], [RightId], [CreatedBy], [CreatedTime]) VALUES (213, 2, 34, NULL, NULL)
INSERT [dbo].[RoleRights] ([RoleRightId], [RoleId], [RightId], [CreatedBy], [CreatedTime]) VALUES (214, 2, 35, NULL, NULL)
INSERT [dbo].[RoleRights] ([RoleRightId], [RoleId], [RightId], [CreatedBy], [CreatedTime]) VALUES (215, 2, 36, NULL, NULL)
INSERT [dbo].[RoleRights] ([RoleRightId], [RoleId], [RightId], [CreatedBy], [CreatedTime]) VALUES (216, 2, 37, NULL, NULL)
INSERT [dbo].[RoleRights] ([RoleRightId], [RoleId], [RightId], [CreatedBy], [CreatedTime]) VALUES (217, 2, 38, NULL, NULL)
INSERT [dbo].[RoleRights] ([RoleRightId], [RoleId], [RightId], [CreatedBy], [CreatedTime]) VALUES (218, 2, 39, NULL, NULL)
INSERT [dbo].[RoleRights] ([RoleRightId], [RoleId], [RightId], [CreatedBy], [CreatedTime]) VALUES (219, 2, 40, NULL, NULL)
INSERT [dbo].[RoleRights] ([RoleRightId], [RoleId], [RightId], [CreatedBy], [CreatedTime]) VALUES (220, 2, 41, NULL, NULL)
INSERT [dbo].[RoleRights] ([RoleRightId], [RoleId], [RightId], [CreatedBy], [CreatedTime]) VALUES (221, 2, 42, NULL, NULL)
INSERT [dbo].[RoleRights] ([RoleRightId], [RoleId], [RightId], [CreatedBy], [CreatedTime]) VALUES (222, 2, 43, NULL, NULL)
INSERT [dbo].[RoleRights] ([RoleRightId], [RoleId], [RightId], [CreatedBy], [CreatedTime]) VALUES (223, 2, 44, NULL, NULL)
INSERT [dbo].[RoleRights] ([RoleRightId], [RoleId], [RightId], [CreatedBy], [CreatedTime]) VALUES (224, 2, 45, NULL, NULL)
INSERT [dbo].[RoleRights] ([RoleRightId], [RoleId], [RightId], [CreatedBy], [CreatedTime]) VALUES (225, 2, 46, NULL, NULL)
INSERT [dbo].[RoleRights] ([RoleRightId], [RoleId], [RightId], [CreatedBy], [CreatedTime]) VALUES (226, 2, 47, NULL, NULL)
INSERT [dbo].[RoleRights] ([RoleRightId], [RoleId], [RightId], [CreatedBy], [CreatedTime]) VALUES (227, 2, 48, NULL, NULL)
INSERT [dbo].[RoleRights] ([RoleRightId], [RoleId], [RightId], [CreatedBy], [CreatedTime]) VALUES (228, 2, 49, NULL, NULL)
INSERT [dbo].[RoleRights] ([RoleRightId], [RoleId], [RightId], [CreatedBy], [CreatedTime]) VALUES (229, 2, 50, NULL, NULL)
INSERT [dbo].[RoleRights] ([RoleRightId], [RoleId], [RightId], [CreatedBy], [CreatedTime]) VALUES (230, 2, 51, NULL, NULL)
INSERT [dbo].[RoleRights] ([RoleRightId], [RoleId], [RightId], [CreatedBy], [CreatedTime]) VALUES (231, 2, 52, NULL, NULL)
INSERT [dbo].[RoleRights] ([RoleRightId], [RoleId], [RightId], [CreatedBy], [CreatedTime]) VALUES (232, 2, 53, NULL, NULL)
INSERT [dbo].[RoleRights] ([RoleRightId], [RoleId], [RightId], [CreatedBy], [CreatedTime]) VALUES (233, 2, 54, NULL, NULL)
INSERT [dbo].[RoleRights] ([RoleRightId], [RoleId], [RightId], [CreatedBy], [CreatedTime]) VALUES (234, 2, 55, NULL, NULL)
INSERT [dbo].[RoleRights] ([RoleRightId], [RoleId], [RightId], [CreatedBy], [CreatedTime]) VALUES (235, 2, 56, NULL, NULL)
INSERT [dbo].[RoleRights] ([RoleRightId], [RoleId], [RightId], [CreatedBy], [CreatedTime]) VALUES (236, 2, 57, NULL, NULL)
INSERT [dbo].[RoleRights] ([RoleRightId], [RoleId], [RightId], [CreatedBy], [CreatedTime]) VALUES (237, 2, 58, NULL, NULL)
INSERT [dbo].[RoleRights] ([RoleRightId], [RoleId], [RightId], [CreatedBy], [CreatedTime]) VALUES (238, 2, 59, NULL, NULL)
INSERT [dbo].[RoleRights] ([RoleRightId], [RoleId], [RightId], [CreatedBy], [CreatedTime]) VALUES (239, 2, 60, NULL, NULL)
INSERT [dbo].[RoleRights] ([RoleRightId], [RoleId], [RightId], [CreatedBy], [CreatedTime]) VALUES (240, 2, 61, NULL, NULL)
INSERT [dbo].[RoleRights] ([RoleRightId], [RoleId], [RightId], [CreatedBy], [CreatedTime]) VALUES (241, 2, 62, NULL, NULL)
INSERT [dbo].[RoleRights] ([RoleRightId], [RoleId], [RightId], [CreatedBy], [CreatedTime]) VALUES (242, 2, 63, NULL, NULL)
INSERT [dbo].[RoleRights] ([RoleRightId], [RoleId], [RightId], [CreatedBy], [CreatedTime]) VALUES (243, 2, 64, NULL, NULL)
INSERT [dbo].[RoleRights] ([RoleRightId], [RoleId], [RightId], [CreatedBy], [CreatedTime]) VALUES (244, 2, 65, NULL, NULL)
INSERT [dbo].[RoleRights] ([RoleRightId], [RoleId], [RightId], [CreatedBy], [CreatedTime]) VALUES (245, 2, 66, NULL, NULL)
INSERT [dbo].[RoleRights] ([RoleRightId], [RoleId], [RightId], [CreatedBy], [CreatedTime]) VALUES (246, 2, 67, NULL, NULL)
INSERT [dbo].[RoleRights] ([RoleRightId], [RoleId], [RightId], [CreatedBy], [CreatedTime]) VALUES (247, 2, 68, NULL, NULL)
INSERT [dbo].[RoleRights] ([RoleRightId], [RoleId], [RightId], [CreatedBy], [CreatedTime]) VALUES (248, 2, 69, NULL, NULL)
INSERT [dbo].[RoleRights] ([RoleRightId], [RoleId], [RightId], [CreatedBy], [CreatedTime]) VALUES (249, 2, 70, NULL, NULL)
INSERT [dbo].[RoleRights] ([RoleRightId], [RoleId], [RightId], [CreatedBy], [CreatedTime]) VALUES (250, 2, 71, NULL, NULL)
INSERT [dbo].[RoleRights] ([RoleRightId], [RoleId], [RightId], [CreatedBy], [CreatedTime]) VALUES (251, 2, 72, NULL, NULL)
INSERT [dbo].[RoleRights] ([RoleRightId], [RoleId], [RightId], [CreatedBy], [CreatedTime]) VALUES (252, 2, 73, NULL, NULL)
INSERT [dbo].[RoleRights] ([RoleRightId], [RoleId], [RightId], [CreatedBy], [CreatedTime]) VALUES (253, 2, 74, NULL, NULL)
INSERT [dbo].[RoleRights] ([RoleRightId], [RoleId], [RightId], [CreatedBy], [CreatedTime]) VALUES (254, 2, 75, NULL, NULL)
INSERT [dbo].[RoleRights] ([RoleRightId], [RoleId], [RightId], [CreatedBy], [CreatedTime]) VALUES (255, 2, 76, NULL, NULL)
INSERT [dbo].[RoleRights] ([RoleRightId], [RoleId], [RightId], [CreatedBy], [CreatedTime]) VALUES (256, 2, 77, NULL, NULL)
INSERT [dbo].[RoleRights] ([RoleRightId], [RoleId], [RightId], [CreatedBy], [CreatedTime]) VALUES (257, 2, 78, NULL, NULL)
INSERT [dbo].[RoleRights] ([RoleRightId], [RoleId], [RightId], [CreatedBy], [CreatedTime]) VALUES (258, 2, 79, NULL, NULL)
INSERT [dbo].[RoleRights] ([RoleRightId], [RoleId], [RightId], [CreatedBy], [CreatedTime]) VALUES (259, 2, 80, NULL, NULL)
INSERT [dbo].[RoleRights] ([RoleRightId], [RoleId], [RightId], [CreatedBy], [CreatedTime]) VALUES (260, 2, 81, NULL, NULL)
INSERT [dbo].[RoleRights] ([RoleRightId], [RoleId], [RightId], [CreatedBy], [CreatedTime]) VALUES (261, 2, 82, NULL, NULL)
INSERT [dbo].[RoleRights] ([RoleRightId], [RoleId], [RightId], [CreatedBy], [CreatedTime]) VALUES (262, 2, 83, NULL, NULL)
INSERT [dbo].[RoleRights] ([RoleRightId], [RoleId], [RightId], [CreatedBy], [CreatedTime]) VALUES (263, 2, 84, NULL, NULL)
INSERT [dbo].[RoleRights] ([RoleRightId], [RoleId], [RightId], [CreatedBy], [CreatedTime]) VALUES (264, 2, 85, NULL, NULL)
INSERT [dbo].[RoleRights] ([RoleRightId], [RoleId], [RightId], [CreatedBy], [CreatedTime]) VALUES (265, 2, 86, NULL, NULL)
INSERT [dbo].[RoleRights] ([RoleRightId], [RoleId], [RightId], [CreatedBy], [CreatedTime]) VALUES (266, 2, 87, NULL, NULL)
INSERT [dbo].[RoleRights] ([RoleRightId], [RoleId], [RightId], [CreatedBy], [CreatedTime]) VALUES (267, 2, 88, NULL, NULL)
INSERT [dbo].[RoleRights] ([RoleRightId], [RoleId], [RightId], [CreatedBy], [CreatedTime]) VALUES (268, 2, 89, NULL, NULL)
INSERT [dbo].[RoleRights] ([RoleRightId], [RoleId], [RightId], [CreatedBy], [CreatedTime]) VALUES (269, 2, 90, NULL, NULL)
INSERT [dbo].[RoleRights] ([RoleRightId], [RoleId], [RightId], [CreatedBy], [CreatedTime]) VALUES (270, 2, 91, NULL, NULL)
INSERT [dbo].[RoleRights] ([RoleRightId], [RoleId], [RightId], [CreatedBy], [CreatedTime]) VALUES (271, 2, 92, NULL, NULL)
INSERT [dbo].[RoleRights] ([RoleRightId], [RoleId], [RightId], [CreatedBy], [CreatedTime]) VALUES (272, 2, 93, NULL, NULL)
INSERT [dbo].[RoleRights] ([RoleRightId], [RoleId], [RightId], [CreatedBy], [CreatedTime]) VALUES (273, 2, 94, NULL, NULL)
INSERT [dbo].[RoleRights] ([RoleRightId], [RoleId], [RightId], [CreatedBy], [CreatedTime]) VALUES (274, 2, 95, NULL, NULL)
INSERT [dbo].[RoleRights] ([RoleRightId], [RoleId], [RightId], [CreatedBy], [CreatedTime]) VALUES (275, 2, 96, NULL, NULL)
INSERT [dbo].[RoleRights] ([RoleRightId], [RoleId], [RightId], [CreatedBy], [CreatedTime]) VALUES (276, 2, 97, NULL, NULL)
INSERT [dbo].[RoleRights] ([RoleRightId], [RoleId], [RightId], [CreatedBy], [CreatedTime]) VALUES (277, 2, 98, NULL, NULL)
INSERT [dbo].[RoleRights] ([RoleRightId], [RoleId], [RightId], [CreatedBy], [CreatedTime]) VALUES (278, 2, 99, NULL, NULL)
INSERT [dbo].[RoleRights] ([RoleRightId], [RoleId], [RightId], [CreatedBy], [CreatedTime]) VALUES (279, 2, 100, NULL, NULL)
INSERT [dbo].[RoleRights] ([RoleRightId], [RoleId], [RightId], [CreatedBy], [CreatedTime]) VALUES (280, 2, 101, NULL, NULL)
INSERT [dbo].[RoleRights] ([RoleRightId], [RoleId], [RightId], [CreatedBy], [CreatedTime]) VALUES (281, 2, 102, NULL, NULL)
INSERT [dbo].[RoleRights] ([RoleRightId], [RoleId], [RightId], [CreatedBy], [CreatedTime]) VALUES (282, 2, 103, NULL, NULL)
INSERT [dbo].[RoleRights] ([RoleRightId], [RoleId], [RightId], [CreatedBy], [CreatedTime]) VALUES (283, 2, 104, NULL, NULL)
INSERT [dbo].[RoleRights] ([RoleRightId], [RoleId], [RightId], [CreatedBy], [CreatedTime]) VALUES (284, 2, 105, NULL, NULL)
INSERT [dbo].[RoleRights] ([RoleRightId], [RoleId], [RightId], [CreatedBy], [CreatedTime]) VALUES (285, 2, 106, NULL, NULL)
INSERT [dbo].[RoleRights] ([RoleRightId], [RoleId], [RightId], [CreatedBy], [CreatedTime]) VALUES (286, 2, 107, NULL, NULL)
INSERT [dbo].[RoleRights] ([RoleRightId], [RoleId], [RightId], [CreatedBy], [CreatedTime]) VALUES (287, 2, 108, NULL, NULL)
INSERT [dbo].[RoleRights] ([RoleRightId], [RoleId], [RightId], [CreatedBy], [CreatedTime]) VALUES (288, 2, 109, NULL, NULL)
INSERT [dbo].[RoleRights] ([RoleRightId], [RoleId], [RightId], [CreatedBy], [CreatedTime]) VALUES (289, 2, 110, NULL, NULL)
INSERT [dbo].[RoleRights] ([RoleRightId], [RoleId], [RightId], [CreatedBy], [CreatedTime]) VALUES (290, 2, 111, NULL, NULL)
INSERT [dbo].[RoleRights] ([RoleRightId], [RoleId], [RightId], [CreatedBy], [CreatedTime]) VALUES (291, 2, 112, NULL, NULL)
INSERT [dbo].[RoleRights] ([RoleRightId], [RoleId], [RightId], [CreatedBy], [CreatedTime]) VALUES (292, 2, 113, NULL, NULL)
INSERT [dbo].[RoleRights] ([RoleRightId], [RoleId], [RightId], [CreatedBy], [CreatedTime]) VALUES (293, 2, 114, NULL, NULL)
INSERT [dbo].[RoleRights] ([RoleRightId], [RoleId], [RightId], [CreatedBy], [CreatedTime]) VALUES (294, 2, 115, NULL, NULL)
INSERT [dbo].[RoleRights] ([RoleRightId], [RoleId], [RightId], [CreatedBy], [CreatedTime]) VALUES (295, 2, 116, NULL, NULL)
INSERT [dbo].[RoleRights] ([RoleRightId], [RoleId], [RightId], [CreatedBy], [CreatedTime]) VALUES (296, 2, 117, NULL, NULL)
INSERT [dbo].[RoleRights] ([RoleRightId], [RoleId], [RightId], [CreatedBy], [CreatedTime]) VALUES (297, 2, 118, NULL, NULL)
INSERT [dbo].[RoleRights] ([RoleRightId], [RoleId], [RightId], [CreatedBy], [CreatedTime]) VALUES (298, 2, 119, NULL, NULL)
INSERT [dbo].[RoleRights] ([RoleRightId], [RoleId], [RightId], [CreatedBy], [CreatedTime]) VALUES (299, 2, 120, NULL, NULL)
GO
INSERT [dbo].[RoleRights] ([RoleRightId], [RoleId], [RightId], [CreatedBy], [CreatedTime]) VALUES (300, 2, 121, NULL, NULL)
INSERT [dbo].[RoleRights] ([RoleRightId], [RoleId], [RightId], [CreatedBy], [CreatedTime]) VALUES (301, 2, 122, NULL, NULL)
INSERT [dbo].[RoleRights] ([RoleRightId], [RoleId], [RightId], [CreatedBy], [CreatedTime]) VALUES (302, 2, 123, NULL, NULL)
INSERT [dbo].[RoleRights] ([RoleRightId], [RoleId], [RightId], [CreatedBy], [CreatedTime]) VALUES (303, 2, 124, NULL, NULL)
INSERT [dbo].[RoleRights] ([RoleRightId], [RoleId], [RightId], [CreatedBy], [CreatedTime]) VALUES (304, 2, 125, NULL, NULL)
INSERT [dbo].[RoleRights] ([RoleRightId], [RoleId], [RightId], [CreatedBy], [CreatedTime]) VALUES (305, 2, 126, NULL, NULL)
INSERT [dbo].[RoleRights] ([RoleRightId], [RoleId], [RightId], [CreatedBy], [CreatedTime]) VALUES (306, 2, 127, NULL, NULL)
INSERT [dbo].[RoleRights] ([RoleRightId], [RoleId], [RightId], [CreatedBy], [CreatedTime]) VALUES (307, 2, 128, NULL, NULL)
INSERT [dbo].[RoleRights] ([RoleRightId], [RoleId], [RightId], [CreatedBy], [CreatedTime]) VALUES (308, 2, 129, NULL, NULL)
INSERT [dbo].[RoleRights] ([RoleRightId], [RoleId], [RightId], [CreatedBy], [CreatedTime]) VALUES (309, 2, 130, NULL, NULL)
INSERT [dbo].[RoleRights] ([RoleRightId], [RoleId], [RightId], [CreatedBy], [CreatedTime]) VALUES (310, 2, 131, NULL, NULL)
INSERT [dbo].[RoleRights] ([RoleRightId], [RoleId], [RightId], [CreatedBy], [CreatedTime]) VALUES (311, 2, 132, NULL, NULL)
INSERT [dbo].[RoleRights] ([RoleRightId], [RoleId], [RightId], [CreatedBy], [CreatedTime]) VALUES (312, 2, 133, NULL, NULL)
INSERT [dbo].[RoleRights] ([RoleRightId], [RoleId], [RightId], [CreatedBy], [CreatedTime]) VALUES (313, 2, 134, NULL, NULL)
INSERT [dbo].[RoleRights] ([RoleRightId], [RoleId], [RightId], [CreatedBy], [CreatedTime]) VALUES (314, 2, 135, NULL, NULL)
INSERT [dbo].[RoleRights] ([RoleRightId], [RoleId], [RightId], [CreatedBy], [CreatedTime]) VALUES (315, 2, 136, NULL, NULL)
INSERT [dbo].[RoleRights] ([RoleRightId], [RoleId], [RightId], [CreatedBy], [CreatedTime]) VALUES (316, 2, 137, NULL, NULL)
INSERT [dbo].[RoleRights] ([RoleRightId], [RoleId], [RightId], [CreatedBy], [CreatedTime]) VALUES (317, 2, 138, NULL, NULL)
INSERT [dbo].[RoleRights] ([RoleRightId], [RoleId], [RightId], [CreatedBy], [CreatedTime]) VALUES (318, 2, 139, NULL, NULL)
INSERT [dbo].[RoleRights] ([RoleRightId], [RoleId], [RightId], [CreatedBy], [CreatedTime]) VALUES (319, 2, 140, NULL, NULL)
INSERT [dbo].[RoleRights] ([RoleRightId], [RoleId], [RightId], [CreatedBy], [CreatedTime]) VALUES (320, 2, 141, NULL, NULL)
INSERT [dbo].[RoleRights] ([RoleRightId], [RoleId], [RightId], [CreatedBy], [CreatedTime]) VALUES (321, 2, 142, NULL, NULL)
INSERT [dbo].[RoleRights] ([RoleRightId], [RoleId], [RightId], [CreatedBy], [CreatedTime]) VALUES (322, 2, 143, NULL, NULL)
INSERT [dbo].[RoleRights] ([RoleRightId], [RoleId], [RightId], [CreatedBy], [CreatedTime]) VALUES (323, 2, 144, NULL, NULL)
INSERT [dbo].[RoleRights] ([RoleRightId], [RoleId], [RightId], [CreatedBy], [CreatedTime]) VALUES (324, 2, 145, NULL, NULL)
INSERT [dbo].[RoleRights] ([RoleRightId], [RoleId], [RightId], [CreatedBy], [CreatedTime]) VALUES (325, 2, 146, NULL, NULL)
INSERT [dbo].[RoleRights] ([RoleRightId], [RoleId], [RightId], [CreatedBy], [CreatedTime]) VALUES (326, 2, 147, NULL, NULL)
INSERT [dbo].[RoleRights] ([RoleRightId], [RoleId], [RightId], [CreatedBy], [CreatedTime]) VALUES (327, 2, 148, NULL, NULL)
INSERT [dbo].[RoleRights] ([RoleRightId], [RoleId], [RightId], [CreatedBy], [CreatedTime]) VALUES (328, 2, 149, NULL, NULL)
INSERT [dbo].[RoleRights] ([RoleRightId], [RoleId], [RightId], [CreatedBy], [CreatedTime]) VALUES (329, 2, 150, NULL, NULL)
INSERT [dbo].[RoleRights] ([RoleRightId], [RoleId], [RightId], [CreatedBy], [CreatedTime]) VALUES (330, 2, 151, NULL, NULL)
INSERT [dbo].[RoleRights] ([RoleRightId], [RoleId], [RightId], [CreatedBy], [CreatedTime]) VALUES (331, 2, 152, NULL, NULL)
INSERT [dbo].[RoleRights] ([RoleRightId], [RoleId], [RightId], [CreatedBy], [CreatedTime]) VALUES (332, 2, 153, NULL, NULL)
INSERT [dbo].[RoleRights] ([RoleRightId], [RoleId], [RightId], [CreatedBy], [CreatedTime]) VALUES (333, 2, 154, NULL, NULL)
INSERT [dbo].[RoleRights] ([RoleRightId], [RoleId], [RightId], [CreatedBy], [CreatedTime]) VALUES (334, 2, 155, NULL, NULL)
INSERT [dbo].[RoleRights] ([RoleRightId], [RoleId], [RightId], [CreatedBy], [CreatedTime]) VALUES (335, 2, 156, NULL, NULL)
INSERT [dbo].[RoleRights] ([RoleRightId], [RoleId], [RightId], [CreatedBy], [CreatedTime]) VALUES (336, 2, 157, NULL, NULL)
INSERT [dbo].[RoleRights] ([RoleRightId], [RoleId], [RightId], [CreatedBy], [CreatedTime]) VALUES (337, 2, 158, NULL, NULL)
INSERT [dbo].[RoleRights] ([RoleRightId], [RoleId], [RightId], [CreatedBy], [CreatedTime]) VALUES (338, 2, 159, NULL, NULL)
INSERT [dbo].[RoleRights] ([RoleRightId], [RoleId], [RightId], [CreatedBy], [CreatedTime]) VALUES (339, 2, 160, NULL, NULL)
INSERT [dbo].[RoleRights] ([RoleRightId], [RoleId], [RightId], [CreatedBy], [CreatedTime]) VALUES (340, 2, 161, NULL, NULL)
INSERT [dbo].[RoleRights] ([RoleRightId], [RoleId], [RightId], [CreatedBy], [CreatedTime]) VALUES (341, 2, 162, NULL, NULL)
INSERT [dbo].[RoleRights] ([RoleRightId], [RoleId], [RightId], [CreatedBy], [CreatedTime]) VALUES (342, 2, 163, NULL, NULL)
INSERT [dbo].[RoleRights] ([RoleRightId], [RoleId], [RightId], [CreatedBy], [CreatedTime]) VALUES (343, 2, 164, NULL, NULL)
INSERT [dbo].[RoleRights] ([RoleRightId], [RoleId], [RightId], [CreatedBy], [CreatedTime]) VALUES (344, 2, 165, NULL, NULL)
INSERT [dbo].[RoleRights] ([RoleRightId], [RoleId], [RightId], [CreatedBy], [CreatedTime]) VALUES (345, 2, 166, NULL, NULL)
INSERT [dbo].[RoleRights] ([RoleRightId], [RoleId], [RightId], [CreatedBy], [CreatedTime]) VALUES (346, 2, 167, NULL, NULL)
INSERT [dbo].[RoleRights] ([RoleRightId], [RoleId], [RightId], [CreatedBy], [CreatedTime]) VALUES (347, 2, 168, NULL, NULL)
INSERT [dbo].[RoleRights] ([RoleRightId], [RoleId], [RightId], [CreatedBy], [CreatedTime]) VALUES (348, 2, 169, NULL, NULL)
INSERT [dbo].[RoleRights] ([RoleRightId], [RoleId], [RightId], [CreatedBy], [CreatedTime]) VALUES (349, 2, 170, NULL, NULL)
INSERT [dbo].[RoleRights] ([RoleRightId], [RoleId], [RightId], [CreatedBy], [CreatedTime]) VALUES (350, 2, 171, NULL, NULL)
INSERT [dbo].[RoleRights] ([RoleRightId], [RoleId], [RightId], [CreatedBy], [CreatedTime]) VALUES (351, 2, 172, NULL, NULL)
INSERT [dbo].[RoleRights] ([RoleRightId], [RoleId], [RightId], [CreatedBy], [CreatedTime]) VALUES (352, 2, 173, NULL, NULL)
INSERT [dbo].[RoleRights] ([RoleRightId], [RoleId], [RightId], [CreatedBy], [CreatedTime]) VALUES (353, 2, 174, NULL, NULL)
INSERT [dbo].[RoleRights] ([RoleRightId], [RoleId], [RightId], [CreatedBy], [CreatedTime]) VALUES (354, 2, 175, NULL, NULL)
INSERT [dbo].[RoleRights] ([RoleRightId], [RoleId], [RightId], [CreatedBy], [CreatedTime]) VALUES (355, 2, 176, NULL, NULL)
INSERT [dbo].[RoleRights] ([RoleRightId], [RoleId], [RightId], [CreatedBy], [CreatedTime]) VALUES (356, 2, 177, NULL, NULL)
INSERT [dbo].[RoleRights] ([RoleRightId], [RoleId], [RightId], [CreatedBy], [CreatedTime]) VALUES (357, 2, 178, NULL, NULL)
INSERT [dbo].[RoleRights] ([RoleRightId], [RoleId], [RightId], [CreatedBy], [CreatedTime]) VALUES (358, 2, 179, NULL, NULL)
INSERT [dbo].[RoleRights] ([RoleRightId], [RoleId], [RightId], [CreatedBy], [CreatedTime]) VALUES (359, 2, 180, NULL, NULL)
INSERT [dbo].[RoleRights] ([RoleRightId], [RoleId], [RightId], [CreatedBy], [CreatedTime]) VALUES (360, 2, 181, NULL, NULL)
INSERT [dbo].[RoleRights] ([RoleRightId], [RoleId], [RightId], [CreatedBy], [CreatedTime]) VALUES (361, 2, 182, NULL, NULL)
INSERT [dbo].[RoleRights] ([RoleRightId], [RoleId], [RightId], [CreatedBy], [CreatedTime]) VALUES (362, 2, 183, NULL, NULL)
INSERT [dbo].[RoleRights] ([RoleRightId], [RoleId], [RightId], [CreatedBy], [CreatedTime]) VALUES (363, 2, 184, NULL, NULL)
INSERT [dbo].[RoleRights] ([RoleRightId], [RoleId], [RightId], [CreatedBy], [CreatedTime]) VALUES (364, 2, 185, NULL, NULL)
INSERT [dbo].[RoleRights] ([RoleRightId], [RoleId], [RightId], [CreatedBy], [CreatedTime]) VALUES (365, 2, 186, NULL, NULL)
INSERT [dbo].[RoleRights] ([RoleRightId], [RoleId], [RightId], [CreatedBy], [CreatedTime]) VALUES (366, 2, 187, NULL, NULL)
INSERT [dbo].[RoleRights] ([RoleRightId], [RoleId], [RightId], [CreatedBy], [CreatedTime]) VALUES (367, 1, 180, NULL, NULL)
INSERT [dbo].[RoleRights] ([RoleRightId], [RoleId], [RightId], [CreatedBy], [CreatedTime]) VALUES (368, 1, 181, NULL, NULL)
INSERT [dbo].[RoleRights] ([RoleRightId], [RoleId], [RightId], [CreatedBy], [CreatedTime]) VALUES (369, 1, 182, NULL, NULL)
INSERT [dbo].[RoleRights] ([RoleRightId], [RoleId], [RightId], [CreatedBy], [CreatedTime]) VALUES (370, 1, 183, NULL, NULL)
INSERT [dbo].[RoleRights] ([RoleRightId], [RoleId], [RightId], [CreatedBy], [CreatedTime]) VALUES (371, 1, 184, NULL, NULL)
INSERT [dbo].[RoleRights] ([RoleRightId], [RoleId], [RightId], [CreatedBy], [CreatedTime]) VALUES (372, 1, 185, NULL, NULL)
INSERT [dbo].[RoleRights] ([RoleRightId], [RoleId], [RightId], [CreatedBy], [CreatedTime]) VALUES (373, 1, 186, NULL, NULL)
INSERT [dbo].[RoleRights] ([RoleRightId], [RoleId], [RightId], [CreatedBy], [CreatedTime]) VALUES (374, 1, 187, NULL, NULL)
INSERT [dbo].[RoleRights] ([RoleRightId], [RoleId], [RightId], [CreatedBy], [CreatedTime]) VALUES (375, 1, 188, NULL, NULL)
INSERT [dbo].[RoleRights] ([RoleRightId], [RoleId], [RightId], [CreatedBy], [CreatedTime]) VALUES (1399, 7, 2, 7, CAST(N'2019-11-07T15:57:11.070' AS DateTime))
INSERT [dbo].[RoleRights] ([RoleRightId], [RoleId], [RightId], [CreatedBy], [CreatedTime]) VALUES (1400, 7, 4, 7, CAST(N'2019-11-07T15:57:11.073' AS DateTime))
INSERT [dbo].[RoleRights] ([RoleRightId], [RoleId], [RightId], [CreatedBy], [CreatedTime]) VALUES (1401, 7, 6, 7, CAST(N'2019-11-07T15:57:11.077' AS DateTime))
INSERT [dbo].[RoleRights] ([RoleRightId], [RoleId], [RightId], [CreatedBy], [CreatedTime]) VALUES (1402, 7, 187, 7, CAST(N'2019-11-07T15:57:11.083' AS DateTime))
INSERT [dbo].[RoleRights] ([RoleRightId], [RoleId], [RightId], [CreatedBy], [CreatedTime]) VALUES (1456, 6, 1, 7, CAST(N'2019-11-27T16:57:47.247' AS DateTime))
INSERT [dbo].[RoleRights] ([RoleRightId], [RoleId], [RightId], [CreatedBy], [CreatedTime]) VALUES (1457, 6, 2, 7, CAST(N'2019-11-27T16:57:47.307' AS DateTime))
INSERT [dbo].[RoleRights] ([RoleRightId], [RoleId], [RightId], [CreatedBy], [CreatedTime]) VALUES (1458, 6, 3, 7, CAST(N'2019-11-27T16:57:47.367' AS DateTime))
INSERT [dbo].[RoleRights] ([RoleRightId], [RoleId], [RightId], [CreatedBy], [CreatedTime]) VALUES (1459, 6, 4, 7, CAST(N'2019-11-27T16:57:47.407' AS DateTime))
INSERT [dbo].[RoleRights] ([RoleRightId], [RoleId], [RightId], [CreatedBy], [CreatedTime]) VALUES (1460, 6, 5, 7, CAST(N'2019-11-27T16:57:47.440' AS DateTime))
INSERT [dbo].[RoleRights] ([RoleRightId], [RoleId], [RightId], [CreatedBy], [CreatedTime]) VALUES (1461, 6, 6, 7, CAST(N'2019-11-27T16:57:47.467' AS DateTime))
INSERT [dbo].[RoleRights] ([RoleRightId], [RoleId], [RightId], [CreatedBy], [CreatedTime]) VALUES (1462, 6, 7, 7, CAST(N'2019-11-27T16:57:47.497' AS DateTime))
INSERT [dbo].[RoleRights] ([RoleRightId], [RoleId], [RightId], [CreatedBy], [CreatedTime]) VALUES (1463, 6, 8, 7, CAST(N'2019-11-27T16:57:47.523' AS DateTime))
INSERT [dbo].[RoleRights] ([RoleRightId], [RoleId], [RightId], [CreatedBy], [CreatedTime]) VALUES (1464, 6, 9, 7, CAST(N'2019-11-27T16:57:47.533' AS DateTime))
INSERT [dbo].[RoleRights] ([RoleRightId], [RoleId], [RightId], [CreatedBy], [CreatedTime]) VALUES (1465, 6, 10, 7, CAST(N'2019-11-27T16:57:47.557' AS DateTime))
INSERT [dbo].[RoleRights] ([RoleRightId], [RoleId], [RightId], [CreatedBy], [CreatedTime]) VALUES (1466, 6, 11, 7, CAST(N'2019-11-27T16:57:47.593' AS DateTime))
INSERT [dbo].[RoleRights] ([RoleRightId], [RoleId], [RightId], [CreatedBy], [CreatedTime]) VALUES (1467, 6, 12, 7, CAST(N'2019-11-27T16:57:47.627' AS DateTime))
INSERT [dbo].[RoleRights] ([RoleRightId], [RoleId], [RightId], [CreatedBy], [CreatedTime]) VALUES (1468, 6, 13, 7, CAST(N'2019-11-27T16:57:47.670' AS DateTime))
INSERT [dbo].[RoleRights] ([RoleRightId], [RoleId], [RightId], [CreatedBy], [CreatedTime]) VALUES (1469, 6, 14, 7, CAST(N'2019-11-27T16:57:47.707' AS DateTime))
INSERT [dbo].[RoleRights] ([RoleRightId], [RoleId], [RightId], [CreatedBy], [CreatedTime]) VALUES (1470, 6, 15, 7, CAST(N'2019-11-27T16:57:48.077' AS DateTime))
INSERT [dbo].[RoleRights] ([RoleRightId], [RoleId], [RightId], [CreatedBy], [CreatedTime]) VALUES (1471, 6, 16, 7, CAST(N'2019-11-27T16:57:48.207' AS DateTime))
INSERT [dbo].[RoleRights] ([RoleRightId], [RoleId], [RightId], [CreatedBy], [CreatedTime]) VALUES (1472, 6, 17, 7, CAST(N'2019-11-27T16:57:48.233' AS DateTime))
INSERT [dbo].[RoleRights] ([RoleRightId], [RoleId], [RightId], [CreatedBy], [CreatedTime]) VALUES (1473, 6, 18, 7, CAST(N'2019-11-27T16:57:48.297' AS DateTime))
INSERT [dbo].[RoleRights] ([RoleRightId], [RoleId], [RightId], [CreatedBy], [CreatedTime]) VALUES (1474, 6, 20, 7, CAST(N'2019-11-27T16:57:48.623' AS DateTime))
INSERT [dbo].[RoleRights] ([RoleRightId], [RoleId], [RightId], [CreatedBy], [CreatedTime]) VALUES (1475, 6, 116, 7, CAST(N'2019-11-27T16:57:48.647' AS DateTime))
GO
INSERT [dbo].[RoleRights] ([RoleRightId], [RoleId], [RightId], [CreatedBy], [CreatedTime]) VALUES (1476, 6, 117, 7, CAST(N'2019-11-27T16:57:48.677' AS DateTime))
INSERT [dbo].[RoleRights] ([RoleRightId], [RoleId], [RightId], [CreatedBy], [CreatedTime]) VALUES (1477, 6, 118, 7, CAST(N'2019-11-27T16:57:48.720' AS DateTime))
INSERT [dbo].[RoleRights] ([RoleRightId], [RoleId], [RightId], [CreatedBy], [CreatedTime]) VALUES (1478, 6, 119, 7, CAST(N'2019-11-27T16:57:48.750' AS DateTime))
INSERT [dbo].[RoleRights] ([RoleRightId], [RoleId], [RightId], [CreatedBy], [CreatedTime]) VALUES (1479, 6, 120, 7, CAST(N'2019-11-27T16:57:48.787' AS DateTime))
INSERT [dbo].[RoleRights] ([RoleRightId], [RoleId], [RightId], [CreatedBy], [CreatedTime]) VALUES (1480, 6, 121, 7, CAST(N'2019-11-27T16:57:48.857' AS DateTime))
INSERT [dbo].[RoleRights] ([RoleRightId], [RoleId], [RightId], [CreatedBy], [CreatedTime]) VALUES (1481, 6, 122, 7, CAST(N'2019-11-27T16:57:49.267' AS DateTime))
INSERT [dbo].[RoleRights] ([RoleRightId], [RoleId], [RightId], [CreatedBy], [CreatedTime]) VALUES (1482, 6, 123, 7, CAST(N'2019-11-27T16:57:49.313' AS DateTime))
INSERT [dbo].[RoleRights] ([RoleRightId], [RoleId], [RightId], [CreatedBy], [CreatedTime]) VALUES (1483, 6, 124, 7, CAST(N'2019-11-27T16:57:49.350' AS DateTime))
INSERT [dbo].[RoleRights] ([RoleRightId], [RoleId], [RightId], [CreatedBy], [CreatedTime]) VALUES (1484, 6, 125, 7, CAST(N'2019-11-27T16:57:49.393' AS DateTime))
INSERT [dbo].[RoleRights] ([RoleRightId], [RoleId], [RightId], [CreatedBy], [CreatedTime]) VALUES (1485, 6, 126, 7, CAST(N'2019-11-27T16:57:49.427' AS DateTime))
INSERT [dbo].[RoleRights] ([RoleRightId], [RoleId], [RightId], [CreatedBy], [CreatedTime]) VALUES (1486, 6, 135, 7, CAST(N'2019-11-27T16:57:49.440' AS DateTime))
INSERT [dbo].[RoleRights] ([RoleRightId], [RoleId], [RightId], [CreatedBy], [CreatedTime]) VALUES (1487, 6, 136, 7, CAST(N'2019-11-27T16:57:49.483' AS DateTime))
INSERT [dbo].[RoleRights] ([RoleRightId], [RoleId], [RightId], [CreatedBy], [CreatedTime]) VALUES (1488, 6, 137, 7, CAST(N'2019-11-27T16:57:49.533' AS DateTime))
INSERT [dbo].[RoleRights] ([RoleRightId], [RoleId], [RightId], [CreatedBy], [CreatedTime]) VALUES (1489, 6, 138, 7, CAST(N'2019-11-27T16:57:49.560' AS DateTime))
INSERT [dbo].[RoleRights] ([RoleRightId], [RoleId], [RightId], [CreatedBy], [CreatedTime]) VALUES (1490, 6, 139, 7, CAST(N'2019-11-27T16:57:49.610' AS DateTime))
INSERT [dbo].[RoleRights] ([RoleRightId], [RoleId], [RightId], [CreatedBy], [CreatedTime]) VALUES (1491, 6, 140, 7, CAST(N'2019-11-27T16:57:49.647' AS DateTime))
INSERT [dbo].[RoleRights] ([RoleRightId], [RoleId], [RightId], [CreatedBy], [CreatedTime]) VALUES (1492, 6, 141, 7, CAST(N'2019-11-27T16:57:49.677' AS DateTime))
INSERT [dbo].[RoleRights] ([RoleRightId], [RoleId], [RightId], [CreatedBy], [CreatedTime]) VALUES (1493, 6, 142, 7, CAST(N'2019-11-27T16:57:49.757' AS DateTime))
INSERT [dbo].[RoleRights] ([RoleRightId], [RoleId], [RightId], [CreatedBy], [CreatedTime]) VALUES (1494, 6, 143, 7, CAST(N'2019-11-27T16:57:49.793' AS DateTime))
INSERT [dbo].[RoleRights] ([RoleRightId], [RoleId], [RightId], [CreatedBy], [CreatedTime]) VALUES (1495, 6, 144, 7, CAST(N'2019-11-27T16:57:49.823' AS DateTime))
INSERT [dbo].[RoleRights] ([RoleRightId], [RoleId], [RightId], [CreatedBy], [CreatedTime]) VALUES (1496, 6, 145, 7, CAST(N'2019-11-27T16:57:49.837' AS DateTime))
INSERT [dbo].[RoleRights] ([RoleRightId], [RoleId], [RightId], [CreatedBy], [CreatedTime]) VALUES (1497, 6, 146, 7, CAST(N'2019-11-27T16:57:49.867' AS DateTime))
INSERT [dbo].[RoleRights] ([RoleRightId], [RoleId], [RightId], [CreatedBy], [CreatedTime]) VALUES (1498, 6, 147, 7, CAST(N'2019-11-27T16:57:49.907' AS DateTime))
INSERT [dbo].[RoleRights] ([RoleRightId], [RoleId], [RightId], [CreatedBy], [CreatedTime]) VALUES (1499, 5, 1, 7, CAST(N'2019-11-27T17:13:02.157' AS DateTime))
INSERT [dbo].[RoleRights] ([RoleRightId], [RoleId], [RightId], [CreatedBy], [CreatedTime]) VALUES (1500, 5, 2, 7, CAST(N'2019-11-27T17:13:02.167' AS DateTime))
INSERT [dbo].[RoleRights] ([RoleRightId], [RoleId], [RightId], [CreatedBy], [CreatedTime]) VALUES (1501, 5, 8, 7, CAST(N'2019-11-27T17:13:02.183' AS DateTime))
INSERT [dbo].[RoleRights] ([RoleRightId], [RoleId], [RightId], [CreatedBy], [CreatedTime]) VALUES (1502, 5, 116, 7, CAST(N'2019-11-27T17:13:02.200' AS DateTime))
INSERT [dbo].[RoleRights] ([RoleRightId], [RoleId], [RightId], [CreatedBy], [CreatedTime]) VALUES (1503, 5, 117, 7, CAST(N'2019-11-27T17:13:02.213' AS DateTime))
INSERT [dbo].[RoleRights] ([RoleRightId], [RoleId], [RightId], [CreatedBy], [CreatedTime]) VALUES (1504, 5, 118, 7, CAST(N'2019-11-27T17:13:02.230' AS DateTime))
INSERT [dbo].[RoleRights] ([RoleRightId], [RoleId], [RightId], [CreatedBy], [CreatedTime]) VALUES (1505, 5, 119, 7, CAST(N'2019-11-27T17:13:02.253' AS DateTime))
INSERT [dbo].[RoleRights] ([RoleRightId], [RoleId], [RightId], [CreatedBy], [CreatedTime]) VALUES (1506, 5, 120, 7, CAST(N'2019-11-27T17:13:02.270' AS DateTime))
INSERT [dbo].[RoleRights] ([RoleRightId], [RoleId], [RightId], [CreatedBy], [CreatedTime]) VALUES (1507, 5, 121, 7, CAST(N'2019-11-27T17:13:02.297' AS DateTime))
INSERT [dbo].[RoleRights] ([RoleRightId], [RoleId], [RightId], [CreatedBy], [CreatedTime]) VALUES (1508, 5, 122, 7, CAST(N'2019-11-27T17:13:02.303' AS DateTime))
INSERT [dbo].[RoleRights] ([RoleRightId], [RoleId], [RightId], [CreatedBy], [CreatedTime]) VALUES (1509, 5, 123, 7, CAST(N'2019-11-27T17:13:02.323' AS DateTime))
INSERT [dbo].[RoleRights] ([RoleRightId], [RoleId], [RightId], [CreatedBy], [CreatedTime]) VALUES (1510, 5, 124, 7, CAST(N'2019-11-27T17:13:02.333' AS DateTime))
INSERT [dbo].[RoleRights] ([RoleRightId], [RoleId], [RightId], [CreatedBy], [CreatedTime]) VALUES (1511, 5, 125, 7, CAST(N'2019-11-27T17:13:02.343' AS DateTime))
INSERT [dbo].[RoleRights] ([RoleRightId], [RoleId], [RightId], [CreatedBy], [CreatedTime]) VALUES (1512, 5, 126, 7, CAST(N'2019-11-27T17:13:02.380' AS DateTime))
INSERT [dbo].[RoleRights] ([RoleRightId], [RoleId], [RightId], [CreatedBy], [CreatedTime]) VALUES (1513, 5, 135, 7, CAST(N'2019-11-27T17:13:02.407' AS DateTime))
INSERT [dbo].[RoleRights] ([RoleRightId], [RoleId], [RightId], [CreatedBy], [CreatedTime]) VALUES (1514, 5, 136, 7, CAST(N'2019-11-27T17:13:02.427' AS DateTime))
INSERT [dbo].[RoleRights] ([RoleRightId], [RoleId], [RightId], [CreatedBy], [CreatedTime]) VALUES (1515, 5, 137, 7, CAST(N'2019-11-27T17:13:02.443' AS DateTime))
INSERT [dbo].[RoleRights] ([RoleRightId], [RoleId], [RightId], [CreatedBy], [CreatedTime]) VALUES (1516, 5, 138, 7, CAST(N'2019-11-27T17:13:02.457' AS DateTime))
INSERT [dbo].[RoleRights] ([RoleRightId], [RoleId], [RightId], [CreatedBy], [CreatedTime]) VALUES (1517, 5, 139, 7, CAST(N'2019-11-27T17:13:02.470' AS DateTime))
INSERT [dbo].[RoleRights] ([RoleRightId], [RoleId], [RightId], [CreatedBy], [CreatedTime]) VALUES (1518, 5, 140, 7, CAST(N'2019-11-27T17:13:02.483' AS DateTime))
INSERT [dbo].[RoleRights] ([RoleRightId], [RoleId], [RightId], [CreatedBy], [CreatedTime]) VALUES (1519, 5, 141, 7, CAST(N'2019-11-27T17:13:02.523' AS DateTime))
INSERT [dbo].[RoleRights] ([RoleRightId], [RoleId], [RightId], [CreatedBy], [CreatedTime]) VALUES (1520, 5, 142, 7, CAST(N'2019-11-27T17:13:02.547' AS DateTime))
INSERT [dbo].[RoleRights] ([RoleRightId], [RoleId], [RightId], [CreatedBy], [CreatedTime]) VALUES (1521, 5, 143, 7, CAST(N'2019-11-27T17:13:02.557' AS DateTime))
INSERT [dbo].[RoleRights] ([RoleRightId], [RoleId], [RightId], [CreatedBy], [CreatedTime]) VALUES (1522, 5, 144, 7, CAST(N'2019-11-27T17:13:02.593' AS DateTime))
INSERT [dbo].[RoleRights] ([RoleRightId], [RoleId], [RightId], [CreatedBy], [CreatedTime]) VALUES (1523, 5, 145, 7, CAST(N'2019-11-27T17:13:02.620' AS DateTime))
INSERT [dbo].[RoleRights] ([RoleRightId], [RoleId], [RightId], [CreatedBy], [CreatedTime]) VALUES (1524, 5, 146, 7, CAST(N'2019-11-27T17:13:02.643' AS DateTime))
INSERT [dbo].[RoleRights] ([RoleRightId], [RoleId], [RightId], [CreatedBy], [CreatedTime]) VALUES (1525, 5, 147, 7, CAST(N'2019-11-27T17:13:02.667' AS DateTime))
SET IDENTITY_INSERT [dbo].[RoleRights] OFF
INSERT [dbo].[AuditOperation] ([AuditOperationID], [Name], [Remarks], [IsActive], [CreatedBy], [CreatedTime]) VALUES (1, N'Add ', NULL, 1, NULL, NULL)
INSERT [dbo].[AuditOperation] ([AuditOperationID], [Name], [Remarks], [IsActive], [CreatedBy], [CreatedTime]) VALUES (2, N'Edit ', NULL, 1, NULL, NULL)
INSERT [dbo].[AuditOperation] ([AuditOperationID], [Name], [Remarks], [IsActive], [CreatedBy], [CreatedTime]) VALUES (3, N'Delete ', NULL, 1, NULL, NULL)
INSERT [dbo].[AuditOperation] ([AuditOperationID], [Name], [Remarks], [IsActive], [CreatedBy], [CreatedTime]) VALUES (4, N'Download ', NULL, 1, NULL, NULL)
INSERT [dbo].[ContractType] ([ContractTypeId], [Name], [CreatedBy], [CreatedTime]) VALUES (1, N'Contract With Vendor', NULL, NULL)
INSERT [dbo].[ContractType] ([ContractTypeId], [Name], [CreatedBy], [CreatedTime]) VALUES (2, N'Contract With Customer', NULL, NULL)
INSERT [dbo].[DeliveryMethod] ([DeliveryMethodId], [Name]) VALUES (1, N'Hand to Hand')
INSERT [dbo].[DeliveryMethod] ([DeliveryMethodId], [Name]) VALUES (2, N'Internal Delivery System')
INSERT [dbo].[DeliveryMethod] ([DeliveryMethodId], [Name]) VALUES (3, N'Courier Service')
INSERT [dbo].[DeliveryMethod] ([DeliveryMethodId], [Name]) VALUES (4, N'Ships')
INSERT [dbo].[DeliveryMethod] ([DeliveryMethodId], [Name]) VALUES (5, N'Air')
INSERT [dbo].[ExportType] ([ExportTypeId], [ExportTypeName], [CreatedBy], [CreatedTime]) VALUES (1, N'Direct', NULL, NULL)
INSERT [dbo].[ExportType] ([ExportTypeId], [ExportTypeName], [CreatedBy], [CreatedTime]) VALUES (2, N'Indirect', NULL, NULL)
INSERT [dbo].[MushakGenerationStage] ([MushakGenerationStageId], [Name], [NameInBangla]) VALUES (1, N'Basic Info Added', N'প্রাথমিক তথ্য যুক্ত করা হয়েছে')
INSERT [dbo].[MushakGenerationStage] ([MushakGenerationStageId], [Name], [NameInBangla]) VALUES (2, N'Planned Payment Info Added', N'পরিকল্পিত অর্থ প্রদানের তথ্য যুক্ত করা হয়েছে')
INSERT [dbo].[MushakGenerationStage] ([MushakGenerationStageId], [Name], [NameInBangla]) VALUES (3, N'Payment Info Added', N'অর্থ প্রদানের তথ্য যুক্ত করা হয়েছে')
INSERT [dbo].[MushakGenerationStage] ([MushakGenerationStageId], [Name], [NameInBangla]) VALUES (4, N'Submission Information Added', N'জমা দেওয়ার তথ্য যুক্ত করা হয়েছে')
INSERT [dbo].[MushakGenerationStage] ([MushakGenerationStageId], [Name], [NameInBangla]) VALUES (5, N'Return Amount Information Added', N'ফেরতের তথ্য যুক্ত করা হয়েছে')
INSERT [dbo].[MushakGenerationStage] ([MushakGenerationStageId], [Name], [NameInBangla]) VALUES (6, N'Completed', N'সম্পন্ন হয়েছে')
INSERT [dbo].[ObjectType] ([ObjectTypeId], [Name], [Type], [IsActive], [CreatedBy], [CreatedTime]) VALUES (1, N'ProductVAT', N'table', 1, NULL, NULL)
INSERT [dbo].[ObjectType] ([ObjectTypeId], [Name], [Type], [IsActive], [CreatedBy], [CreatedTime]) VALUES (2, N'User', N'table', 1, NULL, NULL)
INSERT [dbo].[ObjectType] ([ObjectTypeId], [Name], [Type], [IsActive], [CreatedBy], [CreatedTime]) VALUES (3, N'Vendor', N'table', 1, NULL, NULL)
INSERT [dbo].[ObjectType] ([ObjectTypeId], [Name], [Type], [IsActive], [CreatedBy], [CreatedTime]) VALUES (4, N'Customer', N'table', 1, NULL, NULL)
INSERT [dbo].[ObjectType] ([ObjectTypeId], [Name], [Type], [IsActive], [CreatedBy], [CreatedTime]) VALUES (5, N'COAGroup', N'table', 1, NULL, NULL)
INSERT [dbo].[ObjectType] ([ObjectTypeId], [Name], [Type], [IsActive], [CreatedBy], [CreatedTime]) VALUES (6, N'ExportType', N'table', 1, NULL, NULL)
INSERT [dbo].[ObjectType] ([ObjectTypeId], [Name], [Type], [IsActive], [CreatedBy], [CreatedTime]) VALUES (7, N'PurchaseReason', N'table', 1, NULL, NULL)
INSERT [dbo].[ObjectType] ([ObjectTypeId], [Name], [Type], [IsActive], [CreatedBy], [CreatedTime]) VALUES (8, N'MeasurementUnit', N'table', 1, NULL, NULL)
INSERT [dbo].[ObjectType] ([ObjectTypeId], [Name], [Type], [IsActive], [CreatedBy], [CreatedTime]) VALUES (9, N'Product', N'table', 1, NULL, NULL)
INSERT [dbo].[ObjectType] ([ObjectTypeId], [Name], [Type], [IsActive], [CreatedBy], [CreatedTime]) VALUES (10, N'Organization', N'table', 1, NULL, NULL)
INSERT [dbo].[ObjectType] ([ObjectTypeId], [Name], [Type], [IsActive], [CreatedBy], [CreatedTime]) VALUES (11, N'ProductGroup', N'table', 1, NULL, NULL)
INSERT [dbo].[ObjectType] ([ObjectTypeId], [Name], [Type], [IsActive], [CreatedBy], [CreatedTime]) VALUES (12, N'AuditLog', N'table', 1, NULL, NULL)
INSERT [dbo].[ObjectType] ([ObjectTypeId], [Name], [Type], [IsActive], [CreatedBy], [CreatedTime]) VALUES (13, N'AuditOperation', N'table', 1, NULL, NULL)
INSERT [dbo].[ObjectType] ([ObjectTypeId], [Name], [Type], [IsActive], [CreatedBy], [CreatedTime]) VALUES (14, N'ObjectType', N'table', 1, NULL, NULL)
INSERT [dbo].[ObjectType] ([ObjectTypeId], [Name], [Type], [IsActive], [CreatedBy], [CreatedTime]) VALUES (15, N'PurchaseType', N'table', 1, NULL, NULL)
INSERT [dbo].[ObjectType] ([ObjectTypeId], [Name], [Type], [IsActive], [CreatedBy], [CreatedTime]) VALUES (16, N'Right', N'table', 1, NULL, NULL)
INSERT [dbo].[ObjectType] ([ObjectTypeId], [Name], [Type], [IsActive], [CreatedBy], [CreatedTime]) VALUES (17, N'RoleRight', N'table', 1, NULL, NULL)
INSERT [dbo].[ObjectType] ([ObjectTypeId], [Name], [Type], [IsActive], [CreatedBy], [CreatedTime]) VALUES (18, N'SalesType', N'table', 1, NULL, NULL)
INSERT [dbo].[ObjectType] ([ObjectTypeId], [Name], [Type], [IsActive], [CreatedBy], [CreatedTime]) VALUES (19, N'PurchaseDetail', N'table', 1, NULL, NULL)
INSERT [dbo].[ObjectType] ([ObjectTypeId], [Name], [Type], [IsActive], [CreatedBy], [CreatedTime]) VALUES (20, N'TransectionType', N'table', 1, NULL, NULL)
INSERT [dbo].[ObjectType] ([ObjectTypeId], [Name], [Type], [IsActive], [CreatedBy], [CreatedTime]) VALUES (21, N'Purchase', N'table', 1, NULL, NULL)
INSERT [dbo].[ObjectType] ([ObjectTypeId], [Name], [Type], [IsActive], [CreatedBy], [CreatedTime]) VALUES (22, N'SalesDetail', N'table', 1, NULL, NULL)
INSERT [dbo].[ObjectType] ([ObjectTypeId], [Name], [Type], [IsActive], [CreatedBy], [CreatedTime]) VALUES (23, N'UserType', N'table', 1, NULL, NULL)
INSERT [dbo].[ObjectType] ([ObjectTypeId], [Name], [Type], [IsActive], [CreatedBy], [CreatedTime]) VALUES (24, N'Sale', N'table', 1, NULL, NULL)
INSERT [dbo].[ObjectType] ([ObjectTypeId], [Name], [Type], [IsActive], [CreatedBy], [CreatedTime]) VALUES (25, N'Role', N'table', 1, NULL, NULL)
INSERT [dbo].[ObjectType] ([ObjectTypeId], [Name], [Type], [IsActive], [CreatedBy], [CreatedTime]) VALUES (26, N'ProductVATType', N'table', 1, NULL, NULL)
INSERT [dbo].[ObjectType] ([ObjectTypeId], [Name], [Type], [IsActive], [CreatedBy], [CreatedTime]) VALUES (27, N'SalesDeliveryType', N'table', 1, NULL, NULL)
INSERT [dbo].[ObjectType] ([ObjectTypeId], [Name], [Type], [IsActive], [CreatedBy], [CreatedTime]) VALUES (28, N'Mushak61', N'Mushak', 1, NULL, NULL)
INSERT [dbo].[ObjectType] ([ObjectTypeId], [Name], [Type], [IsActive], [CreatedBy], [CreatedTime]) VALUES (29, N'Mushak62', N'Mushak', 1, NULL, NULL)
INSERT [dbo].[ObjectType] ([ObjectTypeId], [Name], [Type], [IsActive], [CreatedBy], [CreatedTime]) VALUES (30, N'Mushak63', N'Mushak', 1, NULL, NULL)
INSERT [dbo].[ObjectType] ([ObjectTypeId], [Name], [Type], [IsActive], [CreatedBy], [CreatedTime]) VALUES (31, N'Mushak91', N'Mushak', 1, NULL, NULL)
INSERT [dbo].[ObjectType] ([ObjectTypeId], [Name], [Type], [IsActive], [CreatedBy], [CreatedTime]) VALUES (32, N'PriceSetup', N'table', 1, NULL, NULL)
INSERT [dbo].[ObjectType] ([ObjectTypeId], [Name], [Type], [IsActive], [CreatedBy], [CreatedTime]) VALUES (33, N'ProductionReceive', N'table', 1, NULL, NULL)
INSERT [dbo].[ObjectType] ([ObjectTypeId], [Name], [Type], [IsActive], [CreatedBy], [CreatedTime]) VALUES (34, N'MushakGeneration', N'table', 1, NULL, NULL)
INSERT [dbo].[ObjectType] ([ObjectTypeId], [Name], [Type], [IsActive], [CreatedBy], [CreatedTime]) VALUES (35, N'SupplimentaryDuty', N'table', 1, NULL, NULL)
INSERT [dbo].[ObjectType] ([ObjectTypeId], [Name], [Type], [IsActive], [CreatedBy], [CreatedTime]) VALUES (36, N'sysdiagram', N'table', 1, NULL, NULL)
INSERT [dbo].[ObjectType] ([ObjectTypeId], [Name], [Type], [IsActive], [CreatedBy], [CreatedTime]) VALUES (37, N'ProductCategories', N'table', 1, NULL, NULL)
INSERT [dbo].[ObjectType] ([ObjectTypeId], [Name], [Type], [IsActive], [CreatedBy], [CreatedTime]) VALUES (38, N'OverHeadCost', N'table', 1, NULL, NULL)
INSERT [dbo].[PaymentMethod] ([PaymentMethodId], [Name]) VALUES (0, N'Debit Card')
INSERT [dbo].[PaymentMethod] ([PaymentMethodId], [Name]) VALUES (1, N'Cash')
INSERT [dbo].[PaymentMethod] ([PaymentMethodId], [Name]) VALUES (2, N'Cheque')
INSERT [dbo].[PaymentMethod] ([PaymentMethodId], [Name]) VALUES (3, N'Bank Transfer')
INSERT [dbo].[PaymentMethod] ([PaymentMethodId], [Name]) VALUES (4, N'Credit Card')
SET IDENTITY_INSERT [dbo].[ProductType] ON 

INSERT [dbo].[ProductType] ([ProductTypeId], [Name]) VALUES (1, N'Raw Meterial')
INSERT [dbo].[ProductType] ([ProductTypeId], [Name]) VALUES (2, N'Finished Good')
INSERT [dbo].[ProductType] ([ProductTypeId], [Name]) VALUES (3, N'Asset')
INSERT [dbo].[ProductType] ([ProductTypeId], [Name]) VALUES (4, N'Wastage')
INSERT [dbo].[ProductType] ([ProductTypeId], [Name]) VALUES (5, N'Available In SO')
INSERT [dbo].[ProductType] ([ProductTypeId], [Name]) VALUES (6, N'Available In PO')
SET IDENTITY_INSERT [dbo].[ProductType] OFF
INSERT [dbo].[SalesDeliveryType] ([SalesDeliveryTypeId], [Name], [Description], [CreatedBy], [CreatedTime]) VALUES (1, N'Instantt', NULL, NULL, NULL)
INSERT [dbo].[SalesDeliveryType] ([SalesDeliveryTypeId], [Name], [Description], [CreatedBy], [CreatedTime]) VALUES (2, N'Contractual', NULL, NULL, NULL)
INSERT [dbo].[SalesDeliveryType] ([SalesDeliveryTypeId], [Name], [Description], [CreatedBy], [CreatedTime]) VALUES (3, N'Direct', NULL, NULL, NULL)



INSERT [dbo].[PurchaseReason] ([PurchaseReasonId], [Reason]) VALUES (0, N'External')
INSERT [dbo].[PurchaseReason] ([PurchaseReasonId], [Reason]) VALUES (1, N'Sales')
INSERT [dbo].[PurchaseReason] ([PurchaseReasonId], [Reason]) VALUES (2, N'Internal')
INSERT [dbo].[PurchaseReason] ([PurchaseReasonId], [Reason]) VALUES (3, N'Export')
INSERT [dbo].[PurchaseReason] ([PurchaseReasonId], [Reason]) VALUES (4, N'Import')
